Formula,Cr,Ti,Zr,MaxFWHM,composition,Miedema_deltaH_inter,Miedema_deltaH_amor,Miedema_deltaH_ss_min,Yang omega,Yang delta
Cr0.270945285Ti0.480078329Zr0.248976386,0.270945285,0.480078329,0.248976386,0.491267174,Cr0.27094528 Ti0.48007833 Zr0.24897639,-0.169052114,-0.075672611,-0.044803252,2.609666327,0.070833901
Cr0.196267518Ti0.575673839Zr0.228058643,0.196267518,0.575673839,0.228058643,0.427990114,Cr0.19626752 Ti0.57567384 Zr0.22805864,-0.129143036,-0.043179019,-0.037771522,3.097234901,0.064329509
Cr0.215384196Ti0.550947665Zr0.233668139,0.215384196,0.550947665,0.233668139,0.455407322,Cr0.2153842 Ti0.55094767 Zr0.23366814,-0.140093601,-0.05218282,-0.040332242,2.946642001,0.066086656
Cr0.235852098Ti0.525511389Zr0.238636512,0.235852098,0.525511389,0.238636512,0.470065283,Cr0.2358521 Ti0.52551139 Zr0.23863651,-0.151220197,-0.061256432,-0.042507396,2.807691413,0.067833405
Cr0.257642225Ti0.499465417Zr0.242892357,0.257642225,0.499465417,0.242892357,0.480589298,Cr0.25764223 Ti0.49946542 Zr0.24289236,-0.162266782,-0.07020136,-0.044182188,2.679904733,0.069556213
Cr0.280699965Ti0.472923981Zr0.246376054,0.280699965,0.472923981,0.246376054,0.484799414,Cr0.28069996 Ti0.47292398 Zr0.24637605,-0.172918754,-0.07878051,-0.045246497,2.56275787,0.071240175
Cr0.304937787Ti0.446021781Zr0.249040432,0.304937787,0.446021781,0.249040432,0.507070463,Cr0.30493779 Ti0.44602178 Zr0.24904043,-0.182813513,-0.086725703,-0.045602141,2.455713267,0.072868867
Cr0.330237816Ti0.41890501Zr0.250857174,0.330237816,0.41890501,0.250857174,0.507151794,Cr0.33023782 Ti0.41890501 Zr0.25085717,-0.191568152,-0.093756957,-0.045170989,2.358200146,0.07442535
Cr0.356448604Ti0.391739841Zr0.251811556,0.356448604,0.391739841,0.251811556,0.522664388,Cr0.3564486 Ti0.39173984 Zr0.25181156,-0.198813459,-0.099605027,-0.047136913,2.269635726,0.075892041
Cr0.383391775Ti0.364698924Zr0.251909302,0.383391775,0.364698924,0.251909302,0.526330709,Cr0.38339177 Ti0.36469892 Zr0.2519093,-0.204238475,-0.104041581,-0.04878447,2.189409622,0.077252116
Cr0.169341594Ti0.618830429Zr0.211827977,0.169341594,0.618830429,0.211827977,0.376383443,Cr0.16934159 Ti0.61883043 Zr0.21182798,-0.112547292,-0.029342056,-0.033306193,3.343547153,0.061119542
Cr0.186306301Ti0.59518868Zr0.218505019,0.186306301,0.59518868,0.218505019,0.424635492,Cr0.1863063 Ti0.59518868 Zr0.21850502,-0.122771879,-0.037876829,-0.036230453,3.177826388,0.062891176
Cr0.204590074Ti0.57070462Zr0.224705306,0.204590074,0.57070462,0.224705306,0.446223169,Cr0.20459007 Ti0.57070462 Zr0.22470531,-0.133436126,-0.046698199,-0.038949594,3.02394061,0.064668374
Cr0.224200772Ti0.545454189Zr0.230345039,0.224200772,0.545454189,0.230345039,0.469107606,Cr0.22420077 Ti0.54545419 Zr0.23034504,-0.144386982,-0.055678687,-0.041356983,2.881470435,0.06644062
Cr0.245126735Ti0.519528999Zr0.235344267,0.245126735,0.519528999,0.235344267,0.479090317,Cr0.24512674 Ti0.519529 Zr0.23534427,-0.155414123,-0.064651377,-0.043340683,2.749955613,0.068195765
Cr0.267327853Ti0.493039857Zr0.23963229,0.267327853,0.493039857,0.23963229,0.485161144,Cr0.26732785 Ti0.49303986 Zr0.23963229,-0.166244929,-0.073407243,-0.044788474,2.628936538,0.069919915
Cr0.290738182Ti0.466115318Zr0.2431465,0.290738182,0.466115318,0.2431465,0.499195532,Cr0.29073818 Ti0.46611532 Zr0.2431465,-0.176552646,-0.081701909,-0.045595367,2.517916945,0.071597689
Cr0.31526064Ti0.438900327Zr0.245839033,0.31526064,0.438900327,0.245839033,0.502915037,Cr0.31526064 Ti0.43890033 Zr0.24583903,-0.185972069,-0.089266636,-0.045670999,2.416387485,0.073212625
Cr0.340769191Ti0.411553268Zr0.247677541,0.340769191,0.411553268,0.247677541,0.513127755,Cr0.34076919 Ti0.41155327 Zr0.24767754,-0.194129134,-0.095828524,-0.045987919,2.323813422,0.074747708
Cr0.367109466Ti0.38424659Zr0.248643945,0.367109466,0.38424659,0.248643945,0.525947777,Cr0.36710947 Ti0.38424659 Zr0.24864395,-0.200677866,-0.101135117,-0.048112431,2.239643666,0.076185696
Cr0.394100073Ti0.357157616Zr0.248742312,0.394100073,0.357157616,0.248742312,0.536130323,Cr0.39410007 Ti0.35715762 Zr0.24874231,-0.205342222,-0.104982563,-0.049486585,2.163313677,0.077510262
Cr0.421538108Ti0.330471801Zr0.247990092,0.421538108,0.330471801,0.247990092,0.54684807,Cr0.42153811 Ti0.3304718 Zr0.24799009,-0.207951049,-0.107239435,-0.050115804,2.094252142,0.078706072
Cr0.449204508Ti0.304371445Zr0.246424046,0.449204508,0.304371445,0.246424046,0.561790558,Cr0.44920451 Ti0.30437145 Zr0.24642405,-0.208461639,-0.107863847,-0.050040205,2.031881843,0.079759994
Cr0.160574343Ti0.638224427Zr0.20120123,0.160574343,0.638224427,0.20120123,0.365453018,Cr0.16057434 Ti0.63822443 Zr0.20120123,-0.106712978,-0.024400261,-0.031626123,3.425399316,0.059610093
Cr0.17679494Ti0.614955627Zr0.208249432,0.17679494,0.614955627,0.208249432,0.412679937,Cr0.17679494 Ti0.61495563 Zr0.20824943,-0.116565252,-0.032675257,-0.03460553,3.256982877,0.061394498
Cr0.194302771Ti0.590793441Zr0.214903788,0.194302771,0.590793441,0.214903788,0.446818635,Cr0.19430277 Ti0.59079344 Zr0.21490379,-0.126908157,-0.041283978,-0.037442998,3.100148956,0.063188258
Cr0.213115539Ti0.565806109Zr0.221078351,0.213115539,0.565806109,0.221078351,0.46434006,Cr0.21311554 Ti0.56580611 Zr0.22107835,-0.137623061,-0.05012352,-0.040039126,2.954502051,0.064981882
Cr0.233231934Ti0.540078763Zr0.226689302,0.233231934,0.540078763,0.226689302,0.469469311,Cr0.23323193 Ti0.54007876 Zr0.2266893,-0.148538813,-0.059054031,-0.042286303,2.81962734,0.066764247
Cr0.254628489Ti0.513713797Zr0.231657714,0.254628489,0.513713797,0.231657714,0.484593821,Cr0.25462849 Ti0.5137138 Zr0.23165771,-0.159426059,-0.067895922,-0.044073341,2.695090572,0.068522625
Cr0.277253714Ti0.486835384Zr0.235910901,0.277253714,0.486835384,0.235910901,0.49627776,Cr0.27725371 Ti0.48683538 Zr0.2359109,-0.16999594,-0.076429818,-0.045291334,2.580453019,0.070242499
Cr0.30103329Ti0.45958013Zr0.239386581,0.30103329,0.45958013,0.239386581,0.503027086,Cr0.30103329 Ti0.45958013 Zr0.23938658,-0.179912886,-0.084406473,-0.04584127,2.47523391,0.071908361
Cr0.32585938Ti0.432103179Zr0.242037441,0.32585938,0.432103179,0.242037441,0.519911103,Cr0.32585938 Ti0.43210318 Zr0.24203744,-0.188811301,-0.091557888,-0.04564112,2.378958571,0.073503645
Cr0.35159917Ti0.404572989Zr0.243827842,0.35159917,0.404572989,0.243827842,0.523025318,Cr0.35159917 Ti0.40457299 Zr0.24382784,-0.196329562,-0.097620549,-0.047189458,2.291122062,0.07501128
Cr0.378094919Ti0.377164681Zr0.2447404,0.378094919,0.377164681,0.2447404,0.529345962,Cr0.37809492 Ti0.37716468 Zr0.2447404,-0.202148212,-0.102360865,-0.049055737,2.211202755,0.076414538
Cr0.405162828Ti0.350062824Zr0.244774348,0.405162828,0.350062824,0.244774348,0.543219622,Cr0.40516283 Ti0.35006282 Zr0.24477435,-0.206027695,-0.105600378,-0.050177695,2.138679196,0.077697261
Cr0.432602858Ti0.323449369Zr0.243947773,0.432602858,0.323449369,0.243947773,0.557290387,Cr0.43260286 Ti0.32344937 Zr0.24394777,-0.207841207,-0.107238686,-0.050573324,2.073015725,0.078844966
Cr0.460203445Ti0.297503263Zr0.242293292,0.460203445,0.297503263,0.242293292,0.567160838,Cr0.46020344 Ti0.29750326 Zr0.24229329,-0.207589352,-0.107264476,-0.0502946,2.01367614,0.079845108
Cr0.487746088Ti0.272394283Zr0.239859629,0.487746088,0.272394283,0.239859629,0.577304176,Cr0.48774609 Ti0.27239428 Zr0.23985963,-0.205397545,-0.10575559,-0.049423693,1.960130535,0.08068779
Cr0.152127989Ti0.657628195Zr0.190243816,0.152127989,0.657628195,0.190243816,0.359220489,Cr0.15212799 Ti0.6576282 Zr0.19024382,-0.10103947,-0.019562325,-0.029906708,3.505668107,0.058051986
Cr0.167649614Ti0.634803249Zr0.197547137,0.167649614,0.634803249,0.197547137,0.409179929,Cr0.16764961 Ti0.63480325 Zr0.19754714,-0.110512742,-0.027567894,-0.032908526,3.334775322,0.059846757
Cr0.184427599Ti0.611037903Zr0.204534497,0.184427599,0.611037903,0.204534497,0.441715463,Cr0.1844276 Ti0.6110379 Zr0.2045345,-0.120510909,-0.035942019,-0.035826003,3.175246596,0.061654143
Cr0.202486777Ti0.58639157Zr0.211121653,0.202486777,0.58639157,0.211121653,0.455675379,Cr0.20248678 Ti0.58639157 Zr0.21112165,-0.130943813,-0.044602478,-0.038567816,3.026712886,0.063465577
Cr0.221837141Ti0.560939598Zr0.21722326,0.221837141,0.560939598,0.21722326,0.471149126,Cr0.22183714 Ti0.5609396 Zr0.21722326,-0.141676193,-0.053434734,-0.041032688,2.888773421,0.065270997
Cr0.242467459Ti0.534777659Zr0.222754882,0.242467459,0.534777659,0.222754882,0.477984754,Cr0.24246746 Ti0.53477766 Zr0.22275488,-0.152518098,-0.062286111,-0.043112524,2.761026437,0.067058556
Cr0.264341054Ti0.508019921Zr0.227639025,0.264341054,0.508019921,0.227639025,0.499512374,Cr0.26434105 Ti0.50801992 Zr0.22763902,-0.163221091,-0.070964319,-0.044697591,2.643070041,0.068814875
Cr0.28740122Ti0.480795764Zr0.231803016,0.28740122,0.480795764,0.231803016,0.503197728,Cr0.28740122 Ti0.48079576 Zr0.23180302,-0.173484337,-0.079242933,-0.045683413,2.534455976,0.070525305
Cr0.311558835Ti0.453255398Zr0.235185767,0.311558835,0.453255398,0.235185767,0.507529754,Cr0.31155883 Ti0.4532554 Zr0.23518577,-0.182963082,-0.086867166,-0.045977283,2.434751142,0.072173836
Cr0.336700591Ti0.425561806Zr0.237737603,0.336700591,0.425561806,0.237737603,0.521151213,Cr0.33670059 Ti0.42556181 Zr0.2377376,-0.191296024,-0.09357301,-0.045977492,2.343492342,0.07374381
Cr0.362687797Ti0.397886496Zr0.239425706,0.362687797,0.397886496,0.239425706,0.526643047,Cr0.3626878 Ti0.3978865 Zr0.23942571,-0.198138238,-0.099109163,-0.048331461,2.26020095,0.075218537
Cr0.389355574Ti0.37041302Zr0.240231407,0.389355574,0.37041302,0.240231407,0.537664256,Cr0.38935557 Ti0.37041302 Zr0.24023141,-0.203198294,-0.103261609,-0.049955492,2.1843962,0.07658137
Cr0.416520466Ti0.343326119Zr0.240153416,0.416520466,0.343326119,0.240153416,0.553137603,Cr0.41652047 Ti0.34332612 Zr0.24015342,-0.206276137,-0.105879439,-0.050845606,2.115584569,0.077816725
Cr0.443984083Ti0.316806243Zr0.239209675,0.443984083,0.316806243,0.239209675,0.559496516,Cr0.44398408 Ti0.31680624 Zr0.23920968,-0.207288815,-0.106892937,-0.051031807,2.053266134,0.078910791
Cr0.471540609Ti0.29102782Zr0.23743157,0.471540609,0.29102782,0.23743157,0.57274615,Cr0.47154061 Ti0.29102782 Zr0.23743157,-0.206278791,-0.106320525,-0.05057686,1.996941272,0.079851732
Cr0.498979128Ti0.266153645Zr0.234867227,0.498979128,0.266153645,0.234867227,0.584021517,Cr0.49897913 Ti0.26615364 Zr0.23486723,-0.203405523,-0.104264908,-0.049571472,1.946119391,0.080630416
Cr0.526094202Ti0.242327795Zr0.231578003,0.526094202,0.242327795,0.231578003,0.593313116,Cr0.5260942 Ti0.2423278 Zr0.231578,-0.198920146,-0.1008975,-0.047316173,1.900316071,0.081240831
Cr0.143953228Ti0.67690113Zr0.179145643,0.143953228,0.67690113,0.179145643,0.354773099,Cr0.14395323 Ti0.67690113 Zr0.17914564,-0.095515822,-0.014822167,-0.028160726,3.584529429,0.056451728
Cr0.158812673Ti0.654581321Zr0.186606006,0.158812673,0.654581321,0.186606006,0.409629597,Cr0.15881267 Ti0.65458132 Zr0.18660601,-0.104608604,-0.022552539,-0.031154849,3.411299124,0.058254842
Cr0.174895772Ti0.631281763Zr0.193822465,0.174895772,0.631281763,0.193822465,0.434779986,Cr0.17489577 Ti0.63128176 Zr0.19382246,-0.114246055,-0.030675275,-0.034115871,3.249278295,0.060073239
Cr0.192236727Ti0.607049762Zr0.200713511,0.192236727,0.607049762,0.200713511,0.446759702,Cr0.19223673 Ti0.60704976 Zr0.20071351,-0.124363394,-0.039127207,-0.036961822,3.098075367,0.06189938
Cr0.210854559Ti0.581951023Zr0.207194419,0.210854559,0.581951023,0.207194419,0.475503199,Cr0.21085456 Ti0.58195102 Zr0.20719442,-0.134855863,-0.047815641,-0.039598874,2.957306225,0.063724102
Cr0.230747037Ti0.556071495Zr0.213181467,0.230747037,0.556071495,0.213181467,0.492230596,Cr0.23074704 Ti0.55607149 Zr0.21318147,-0.145568914,-0.056612371,-0.041923818,2.826608061,0.065536538
Cr0.251894553Ti0.529513676Zr0.21859177,0.251894553,0.529513676,0.21859177,0.493043738,Cr0.25189455 Ti0.52951368 Zr0.21859177,-0.156295057,-0.065353035,-0.043829046,2.705579388,0.067324391
Cr0.274251364Ti0.502401584Zr0.223347052,0.274251364,0.502401584,0.223347052,0.498565487,Cr0.27425136 Ti0.50240158 Zr0.22334705,-0.166769259,-0.073834617,-0.045207324,2.593826456,0.0690737
Cr0.297748753Ti0.474874616Zr0.227376631,0.297748753,0.474874616,0.227376631,0.507063246,Cr0.29774875 Ti0.47487462 Zr0.22737663,-0.176677612,-0.081822511,-0.045958868,2.490931005,0.070769383
Cr0.322289433Ti0.447090216Zr0.230620351,0.322289433,0.447090216,0.230620351,0.51904797,Cr0.32228943 Ti0.44709022 Zr0.23062035,-0.18567179,-0.089060501,-0.045998361,2.396473474,0.072395282
Cr0.347752711Ti0.419216505Zr0.233030784,0.347752711,0.419216505,0.233030784,0.525813979,Cr0.34775271 Ti0.41921651 Zr0.23303078,-0.193397952,-0.095290548,-0.047279901,2.310011371,0.073934842
Cr0.373993223Ti0.391433521Zr0.234573256,0.373993223,0.391433521,0.234573256,0.532131087,Cr0.37399322 Ti0.39143352 Zr0.23457326,-0.1995303,-0.100274954,-0.049404828,2.231095241,0.075371284
Cr0.400841905Ti0.363925723Zr0.235232372,0.400841905,0.363925723,0.235232372,0.545560897,Cr0.4008419 Ti0.36392572 Zr0.23523237,-0.203809734,-0.103822294,-0.050802353,2.159271443,0.076688516
Cr0.42811442Ti0.336877304Zr0.235008277,0.42811442,0.336877304,0.235008277,0.557981219,Cr0.42811442 Ti0.3368773 Zr0.23500828,-0.206076798,-0.105809938,-0.051480361,2.094074279,0.077871578
Cr0.455614734Ti0.310468763Zr0.233916504,0.455614734,0.310468763,0.233916504,0.566014603,Cr0.45561473 Ti0.31046876 Zr0.2339165,-0.206291262,-0.106198124,-0.05148039,2.035037186,0.078907112
Cr0.483138929Ti0.284869518Zr0.231991553,0.483138929,0.284869518,0.231991553,0.578265354,Cr0.48313893 Ti0.28486952 Zr0.23199155,-0.20453592,-0.105034165,-0.050874685,1.98169595,0.079784197
Cr0.510484721Ti0.260234144Zr0.229281135,0.510484721,0.260234144,0.229281135,0.58668197,Cr0.51048472 Ti0.26023414 Zr0.22928113,-0.201001082,-0.102443616,-0.049435328,1.933590548,0.080494543
Cr0.537457857Ti0.236696895Zr0.225845248,0.537457857,0.236696895,0.225845248,0.596079809,Cr0.53745786 Ti0.23669689 Zr0.22584525,-0.195955842,-0.098612116,-0.047092024,1.890269525,0.08103287
Cr0.56387356Ti0.21437312Zr0.22175332,0.56387356,0.21437312,0.22175332,0.603887921,Cr0.56387356 Ti0.21437312 Zr0.22175332,-0.189713333,-0.09376236,-0.044501372,1.851303504,0.081396879
Cr0.13602013Ti0.695916562Zr0.168063308,0.13602013,0.695916562,0.168063308,0.356904383,Cr0.13602013 Ti0.69591656 Zr0.16806331,-0.090137816,-0.010179405,-0.0264034,3.662158447,0.054816229
Cr0.150245056Ti0.674158167Zr0.175596776,0.150245056,0.674158167,0.175596776,0.40823633,Cr0.15024506 Ti0.67415817 Zr0.17559678,-0.098850699,-0.017630253,-0.029362141,3.486692179,0.056625545
Cr0.165661875Ti0.651386303Zr0.182951822,0.165661875,0.651386303,0.182951822,0.438642359,Cr0.16566187 Ti0.6513863 Zr0.18295182,-0.108118137,-0.025489639,-0.03233303,3.322310344,0.058452517
Cr0.182312397Ti0.62763723Zr0.190050373,0.182312397,0.62763723,0.190050373,0.451016013,Cr0.1823124 Ti0.62763723 Zr0.19005037,-0.117895797,-0.033710142,-0.035243641,3.168597191,0.060290451
Cr0.200221341Ti0.602966014Zr0.196812646,0.200221341,0.602966014,0.196812646,0.468998787,Cr0.20022134 Ti0.60296601 Zr0.19681265,-0.128103899,-0.042217288,-0.038008259,3.025200341,0.062131076
Cr0.219398241Ti0.577446599Zr0.20315516,0.219398241,0.577446599,0.20315516,0.474545812,Cr0.21939824 Ti0.5774466 Zr0.20315516,-0.138620981,-0.050906355,-0.040530621,2.891751484,0.063964519
Cr0.239835636Ti0.551172019Zr0.208992344,0.239835636,0.551172019,0.208992344,0.48958807,Cr0.23983564 Ti0.55117202 Zr0.20899234,-0.149276308,-0.059638164,-0.042707083,2.767865754,0.065779307
Cr0.261501379Ti0.524253771Zr0.21424485,0.261501379,0.524253771,0.21424485,0.503973569,Cr0.26150138 Ti0.52425377 Zr0.21424485,-0.159843402,-0.068235514,-0.044430742,2.653178157,0.067562572
Cr0.284341237Ti0.496823536Zr0.218835227,0.284341237,0.496823536,0.218835227,0.512948842,Cr0.28434124 Ti0.49682354 Zr0.21883523,-0.170042358,-0.076485957,-0.045597679,2.547300142,0.069299924
Cr0.308275563Ti0.46903023Zr0.222694207,0.308275563,0.46903023,0.222694207,0.521107224,Cr0.30827556 Ti0.46903023 Zr0.22269421,-0.179548865,-0.084148571,-0.046113617,2.449836332,0.070975858
Cr0.333199846Ti0.441037281Zr0.225762873,0.333199846,0.441037281,0.225762873,0.522325748,Cr0.33319985 Ti0.44103728 Zr0.22576287,-0.188014328,-0.090967902,-0.045901188,2.360379043,0.072574111
Cr0.35898383Ti0.413019367Zr0.227996803,0.35898383,0.413019367,0.227996803,0.528766656,Cr0.35898383 Ti0.41301937 Zr0.2279968,-0.195095409,-0.096693754,-0.048495833,2.278513657,0.074078154
Cr0.385476989Ti0.385160602Zr0.229362409,0.385476989,0.385160602,0.229362409,0.53897658,Cr0.38547699 Ti0.3851606 Zr0.22936241,-0.200489906,-0.101105084,-0.050402754,2.203811145,0.075471412
Cr0.412508997Ti0.357644889Zr0.229846113,0.412508997,0.357644889,0.229846113,0.551082357,Cr0.412509 Ti0.35764489 Zr0.22984611,-0.203973567,-0.104034762,-0.051589291,2.135836722,0.076738332
Cr0.439891546Ti0.330658974Zr0.22944948,0.439891546,0.330658974,0.22944948,0.562326349,Cr0.43989155 Ti0.33065897 Zr0.22944948,-0.205427728,-0.10538853,-0.052074621,2.074159306,0.077864397
Cr0.467431473Ti0.304378422Zr0.228190106,0.467431473,0.304378422,0.228190106,0.573105159,Cr0.46743147 Ti0.30437842 Zr0.22819011,-0.204854698,-0.105156687,-0.051910743,2.018336578,0.078837095
Cr0.494928177Ti0.278967401Zr0.226104422,0.494928177,0.278967401,0.226104422,0.581761575,Cr0.49492818 Ti0.2789674 Zr0.22610442,-0.202374698,-0.103413598,-0.051178391,1.967933592,0.079646384
Cr0.522186989Ti0.254573909Zr0.223239102,0.522186989,0.254573909,0.223239102,0.587630215,Cr0.52218699 Ti0.25457391 Zr0.2232391,-0.198204955,-0.100305054,-0.049292054,1.922520522,0.0802847
Cr0.54901797Ti0.231325556Zr0.219656474,0.54901797,0.231325556,0.219656474,0.597608566,Cr0.54901797 Ti0.23132556 Zr0.21965647,-0.192630678,-0.096029859,-0.04691676,1.88168013,0.080747669
Cr0.575250546Ti0.209323866Zr0.215425588,0.575250546,0.209323866,0.215425588,0.602928285,Cr0.57525055 Ti0.20932387 Zr0.21542559,-0.185967124,-0.09081404,-0.044342065,1.845005145,0.081033879
Cr0.600728942Ti0.188646837Zr0.210624221,0.600728942,0.188646837,0.210624221,0.610796151,Cr0.60072894 Ti0.18864684 Zr0.21062422,-0.178529018,-0.084889575,-0.041697701,1.812110021,0.081145022
Cr0.141923781Ti0.693418161Zr0.164658059,0.141923781,0.693418161,0.164658059,0.403728601,Cr0.14192378 Ti0.69341816 Zr0.16465806,-0.093240898,-0.012805658,-0.027549522,3.56110305,0.054965713
Cr0.156698799Ti0.671227769Zr0.172073432,0.156698799,0.671227769,0.172073432,0.438064726,Cr0.1566988 Ti0.67122777 Zr0.17207343,-0.102134538,-0.020393836,-0.030499937,3.394419896,0.056798969
Cr0.172678557Ti0.648025561Zr0.179295882,0.172678557,0.648025561,0.179295882,0.453096563,Cr0.17267856 Ti0.64802556 Zr0.17929588,-0.111554803,-0.028364331,-0.033438065,3.238332621,0.058645793
Cr0.189898754Ti0.623850832Zr0.186250415,0.189898754,0.623850832,0.186250415,0.469534612,Cr0.18989875 Ti0.62385083 Zr0.18625042,-0.121445821,-0.036660878,-0.036287922,3.092442095,0.06049911
Cr0.20837738Ti0.598766581Zr0.19285604,0.20837738,0.598766581,0.19285604,0.47819753,Cr0.20837738 Ti0.59876658 Zr0.19285604,-0.131713674,-0.045198586,-0.038960958,2.956393391,0.062349871
Cr0.228115347Ti0.572854587Zr0.199030066,0.228115347,0.572854587,0.199030066,0.499402841,Cr0.22811535 Ti0.57285459 Zr0.19903007,-0.142220251,-0.053860909,-0.041359091,2.829831573,0.064187521
Cr0.249094349Ti0.546216605Zr0.204689046,0.249094349,0.546216605,0.204689046,0.513109863,Cr0.24909435 Ti0.54621661 Zr0.20468905,-0.152776472,-0.062496034,-0.043378336,2.712394234,0.065999936
Cr0.271275783Ti0.518970299Zr0.209753918,0.271275783,0.518970299,0.209753918,0.517782723,Cr0.27127578 Ti0.5189703 Zr0.20975392,-0.163140173,-0.070916625,-0.044913828,2.603708079,0.06777381
Cr0.294593258Ti0.491256651Zr0.214150091,0.294593258,0.491256651,0.214150091,0.523718033,Cr0.29459326 Ti0.49125665 Zr0.21415009,-0.173016902,-0.078900892,-0.045865464,2.503412367,0.069494266
Cr0.31896005Ti0.463231016Zr0.217808933,0.31896005,0.463231016,0.217808933,0.530577494,Cr0.31896005 Ti0.46323102 Zr0.21780893,-0.182075907,-0.086204449,-0.046145319,2.411117228,0.071145529
Cr0.344261559Ti0.435063419Zr0.220675022,0.344261559,0.435063419,0.220675022,0.539893223,Cr0.34426156 Ti0.43506342 Zr0.22067502,-0.189971023,-0.092574258,-0.047213509,2.326439326,0.072711245
Cr0.370361922Ti0.406931965Zr0.222706113,0.370361922,0.406931965,0.222706113,0.538676721,Cr0.37036192 Ti0.40693197 Zr0.22270611,-0.19637405,-0.097771141,-0.049620508,2.248978038,0.07417504
Cr0.397103641Ti0.379025246Zr0.223871114,0.397103641,0.379025246,0.223871114,0.548325059,Cr0.39710364 Ti0.37902525 Zr0.22387111,-0.201009139,-0.101592454,-0.051320855,2.178330382,0.075520541
Cr0.424313205Ti0.351527561Zr0.224159234,0.424313205,0.351527561,0.224159234,0.558598486,Cr0.42431321 Ti0.35152756 Zr0.22415923,-0.203688759,-0.103896612,-0.052311768,2.114083093,0.076732722
Cr0.45180236Ti0.324623569Zr0.223574071,0.45180236,0.324623569,0.223574071,0.567586795,Cr0.45180236 Ti0.32462357 Zr0.22357407,-0.204335931,-0.104618524,-0.052623308,2.055826503,0.077797737
Cr0.479378449Ti0.298485794Zr0.222135757,0.479378449,0.298485794,0.222135757,0.575340478,Cr0.47937845 Ti0.29848579 Zr0.22213576,-0.202993704,-0.10377744,-0.052316936,2.003145153,0.07870386
Cr0.506844465Ti0.273273528Zr0.219882007,0.506844465,0.273273528,0.219882007,0.585214161,Cr0.50684447 Ti0.27327353 Zr0.21988201,-0.199816673,-0.101472843,-0.051268128,1.955630378,0.079441885
Cr0.534012376Ti0.249127289Zr0.216860334,0.534012376,0.249127289,0.216860334,0.591442822,Cr0.53401238 Ti0.24912729 Zr0.21686033,-0.195045705,-0.097868666,-0.049167027,1.912878278,0.080005132
Cr0.560700206Ti0.226164959Zr0.213134834,0.560700206,0.226164959,0.213134834,0.594831169,Cr0.56070021 Ti0.22616496 Zr0.21313483,-0.188977843,-0.093173921,-0.046781798,1.874495735,0.080390236
Cr0.586744133Ti0.20448033Zr0.208775537,0.586744133,0.20448033,0.208775537,0.600733532,Cr0.58674413 Ti0.20448033 Zr0.20877554,-0.181929184,-0.087617164,-0.044243229,1.840103686,0.08059663
Cr0.611996747Ti0.184143333Zr0.20385992,0.611996747,0.184143333,0.20385992,0.605324637,Cr0.61199675 Ti0.18414333 Zr0.20385992,-0.174206297,-0.081426355,-0.041677624,1.80934362,0.080626726
Cr0.133837768Ti0.712260428Zr0.153901803,0.133837768,0.712260428,0.153901803,0.419420781,Cr0.13383777 Ti0.71226043 Zr0.1539018,-0.087784018,-0.00808599,-0.025736474,3.634689084,0.053282252
Cr0.147988555Ti0.690701155Zr0.16131029,0.147988555,0.690701155,0.16131029,0.437571737,Cr0.14798855 Ti0.69070115 Zr0.16131029,-0.096302184,-0.015396561,-0.028639006,3.465749544,0.055119283
Cr0.16331616Ti0.668099558Zr0.168584282,0.16331616,0.668099558,0.168584282,0.461263013,Cr0.16331616 Ti0.66809956 Zr0.16858428,-0.10535523,-0.023104339,-0.031571345,3.3073474,0.056972421
Cr0.179862571Ti0.644484263Zr0.175653165,0.179862571,0.644484263,0.175653165,0.47468358,Cr0.17986257 Ti0.64448426 Zr0.17565316,-0.114905055,-0.031166882,-0.034466788,3.159065116,0.058835337
Cr0.197653486Ti0.619906454Zr0.18244006,0.197653486,0.619906454,0.18244006,0.482930156,Cr0.19765349 Ti0.61990645 Zr0.18244006,-0.124881282,-0.039516716,-0.037245396,3.020547422,0.060699832
Cr0.216699568Ti0.59443535Zr0.188865083,0.216699568,0.59443535,0.188865083,0.498617104,Cr0.21669957 Ti0.59443535 Zr0.18886508,-0.135175487,-0.048058418,-0.039816306,2.891443517,0.062556264
Cr0.23699562Ti0.568157744Zr0.194846636,0.23699562,0.568157744,0.194846636,0.504999022,Cr0.23699562 Ti0.56815774 Zr0.19484664,-0.145634124,-0.056664774,-0.042080566,2.771391868,0.0643936
Cr0.258513726Ti0.541183532Zr0.200302742,0.258513726,0.541183532,0.200302742,0.521627379,Cr0.25851373 Ti0.54118353 Zr0.20030274,-0.15605056,-0.06517206,-0.043934577,2.660047145,0.066199092
Cr0.281203666Ti0.513640142Zr0.205156192,0.281203666,0.513640142,0.205156192,0.523079121,Cr0.28120367 Ti0.51364014 Zr0.20515619,-0.16616592,-0.073381906,-0.04527583,2.557059167,0.067958811
Cr0.304991897Ti0.485674759Zr0.209333344,0.304991897,0.485674759,0.209333344,0.529479765,Cr0.3049919 Ti0.48567476 Zr0.20933334,-0.175675014,-0.081066059,-0.046009088,2.462067675,0.069657541
Cr0.329781667Ti0.457448734Zr0.212769599,0.329781667,0.457448734,0.212769599,0.539731404,Cr0.32978167 Ti0.45744873 Zr0.2127696,-0.184242998,-0.087978149,-0.046053334,2.374703367,0.071279357
Cr0.355450681Ti0.429136218Zr0.215413101,0.355450681,0.429136218,0.215413101,0.540461619,Cr0.35545068 Ti0.42913622 Zr0.2154131,-0.191530622,-0.093870643,-0.04844318,2.294596417,0.072807964
Cr0.381856419Ti0.400922082Zr0.217221499,0.381856419,0.400922082,0.217221499,0.545311965,Cr0.38185642 Ti0.40092208 Zr0.2172215,-0.19722748,-0.098516996,-0.050651191,2.221364824,0.074226877
Cr0.408835796Ti0.372994059Zr0.218170145,0.408835796,0.372994059,0.218170145,0.553239015,Cr0.4088358 Ti0.37299406 Zr0.21817015,-0.201088242,-0.101735896,-0.052156515,2.154624695,0.075520356
Cr0.436212452Ti0.345537409Zr0.218250139,0.436212452,0.345537409,0.218250139,0.563041569,Cr0.43621245 Ti0.34553741 Zr0.21825014,-0.202963301,-0.103412136,-0.052967197,2.093982905,0.076673832
Cr0.463798433Ti0.3187346Zr0.217466967,0.463798433,0.3187346,0.217466967,0.57042736,Cr0.46379843 Ti0.3187346 Zr0.21746697,-0.202816831,-0.103509543,-0.053123507,2.039049851,0.077674125
Cr0.491401429Ti0.292755014Zr0.215843557,0.491401429,0.292755014,0.215843557,0.57723104,Cr0.49140143 Ti0.29275501 Zr0.21584356,-0.200730614,-0.102075107,-0.052695467,1.989435055,0.078510317
Cr0.518829837Ti0.26775035Zr0.213419813,0.518829837,0.26775035,0.213419813,0.584333298,Cr0.51882984 Ti0.26775035 Zr0.21341981,-0.196890203,-0.099231248,-0.051192169,1.944749517,0.079174199
Cr0.545898588Ti0.243855289Zr0.210246124,0.545898588,0.243855289,0.210246124,0.591826025,Cr0.54589859 Ti0.24385529 Zr0.21024612,-0.191557113,-0.095158129,-0.049055679,1.904615271,0.07966008
Cr0.572434456Ti0.221179587Zr0.206385957,0.572434456,0.221179587,0.206385957,0.596446888,Cr0.57243446 Ti0.22117959 Zr0.20638596,-0.18503628,-0.090072224,-0.046681005,1.868661972,0.079965429
Cr0.59828033Ti0.199809492Zr0.201910178,0.59828033,0.199809492,0.201910178,0.598319709,Cr0.59828033 Ti0.19980949 Zr0.20191018,-0.17764207,-0.084202808,-0.04419692,1.836535511,0.080090556
Cr0.623298612Ti0.179802712Zr0.196898676,0.623298612,0.179802712,0.196898676,0.599947458,Cr0.62329861 Ti0.17980271 Zr0.19689868,-0.169671341,-0.077772641,-0.041724536,1.807891819,0.080038989
Cr0.647374725Ti0.16119549Zr0.191429785,0.647374725,0.16119549,0.191429785,0.95895082,Cr0.64737473 Ti0.16119549 Zr0.19142978,-0.16138254,-0.070982005,-0.039372487,1.782415634,0.079816347
Cr0.139526218Ti0.709711236Zr0.150762547,0.139526218,0.709711236,0.150762547,0.43799125,Cr0.13952622 Ti0.70971124 Zr0.15076255,-0.09063103,-0.010509327,-0.02677288,3.53642315,0.053420461
Cr0.154216531Ti0.687758853Zr0.158024616,0.154216531,0.687758853,0.158024616,0.458035145,Cr0.15421653 Ti0.68775885 Zr0.15802462,-0.09931142,-0.017944866,-0.029669665,3.37573114,0.055277201
Cr0.170101155Ti0.664760148Zr0.165138696,0.170101155,0.664760148,0.165138696,0.471031641,Cr0.17010116 Ti0.66476015 Zr0.1651387,-0.10850329,-0.025755174,-0.032574437,3.225121174,0.057146606
Cr0.187212819Ti0.640752516Zr0.172034665,0.187212819,0.640752516,0.172034665,0.490076943,Cr0.18721282 Ti0.64075252 Zr0.17203467,-0.118156232,-0.033888029,-0.035416421,3.084229666,0.059021476
Cr0.205572663Ti0.615793292Zr0.178634046,0.205572663,0.615793292,0.178634046,0.497136403,Cr0.20557266 Ti0.61579329 Zr0.17863405,-0.128187931,-0.042267086,-0.038113092,2.952681722,0.060892931
Cr0.225184282Ti0.589957204Zr0.184858514,0.225184282,0.589957204,0.184858514,0.51000886,Cr0.22518428 Ti0.5899572 Zr0.18485851,-0.138475329,-0.05078644,-0.040571767,2.83013642,0.062750792
Cr0.246032761Ti0.563340371Zr0.190626868,0.246032761,0.563340371,0.190626868,0.508761014,Cr0.24603276 Ti0.56334037 Zr0.19062687,-0.148847583,-0.0593068,-0.042692761,2.716251711,0.06458325
Cr0.268082093Ti0.536057206Zr0.195860701,0.268082093,0.536057206,0.195860701,0.528003149,Cr0.26808209 Ti0.53605721 Zr0.1958607,-0.159082285,-0.067654028,-0.044373856,2.610689234,0.066377239
Cr0.291271146Ti0.508245836Zr0.200483018,0.291271146,0.508245836,0.200483018,0.538919,Cr0.29127115 Ti0.50824584 Zr0.20048302,-0.168905294,-0.075619801,-0.045515643,2.513115701,0.06811812
Cr0.315518863Ti0.480057162Zr0.204423976,0.315518863,0.480057162,0.204423976,0.550612032,Cr0.31551886 Ti0.48005716 Zr0.20442398,-0.178003322,-0.082971251,-0.046028433,2.423176598,0.069790574
Cr0.34071853Ti0.451659596Zr0.207621874,0.34071853,0.451659596,0.207621874,0.549730049,Cr0.34071853 Ti0.4516596 Zr0.20762187,-0.18604049,-0.089462053,-0.046872003,2.340521143,0.071378449
Cr0.366741378Ti0.423233281Zr0.210025341,0.366741378,0.423233281,0.210025341,0.548601684,Cr0.36674138 Ti0.42323328 Zr0.21002534,-0.192687592,-0.094852189,-0.049570114,2.264790823,0.072865305
Cr0.393437804Ti0.394962288Zr0.211599908,0.393437804,0.394962288,0.211599908,0.553134556,Cr0.3934378 Ti0.39496229 Zr0.21159991,-0.197657137,-0.098931341,-0.051586995,2.195621379,0.074235251
Cr0.420640367Ti0.367038599Zr0.212321035,0.420640367,0.367038599,0.212321035,0.559000108,Cr0.42064037 Ti0.3670386 Zr0.21232103,-0.200735489,-0.101540194,-0.052909246,2.132646739,0.075472676
Cr0.448170265Ti0.339644819Zr0.212184916,0.448170265,0.339644819,0.212184916,0.566842565,Cr0.44817027 Ti0.33964482 Zr0.21218492,-0.201812506,-0.102591124,-0.053555196,2.075491129,0.076563788
Cr0.4758382Ti0.312961997Zr0.211199803,0.4758382,0.312961997,0.211199803,0.572885256,Cr0.4758382 Ti0.312962 Zr0.2111998,-0.200892716,-0.10207646,-0.053574467,2.02378608,0.077496099
Cr0.503455196Ti0.287153435Zr0.209391369,0.503455196,0.287153435,0.209391369,0.580697043,Cr0.5034552 Ti0.28715344 Zr0.20939137,-0.198094066,-0.100069371,-0.0529372,1.977157977,0.078259634
Cr0.530831978Ti0.262367157Zr0.206800865,0.530831978,0.262367157,0.206800865,0.583615544,Cr0.53083198 Ti0.26236716 Zr0.20680087,-0.193629563,-0.096712917,-0.051106919,1.935242137,0.078847004
Cr0.557789558Ti0.238728915Zr0.203481527,0.557789558,0.238728915,0.203481527,0.589712933,Cr0.55778956 Ti0.23872892 Zr0.20348153,-0.187777322,-0.092200766,-0.04895549,1.897678488,0.079253646
Cr0.584160461Ti0.216342254Zr0.199497285,0.584160461,0.216342254,0.199497285,0.594075361,Cr0.58416046 Ti0.21634225 Zr0.19949728,-0.180847523,-0.086755068,-0.046610242,1.864119879,0.079477909
Cr0.609797062Ti0.195282226Zr0.194920712,0.609797062,0.195282226,0.194920712,0.597988241,Cr0.60979706 Ti0.19528223 Zr0.19492071,-0.173149897,-0.080603688,-0.044196377,1.834226948,0.079521204
Cr0.634568561Ti0.175602231Zr0.189829208,0.634568561,0.175602231,0.189829208,0.597217727,Cr0.63456856 Ti0.17560223 Zr0.18982921,-0.164969987,-0.073962945,-0.041830563,1.807682572,0.079387578
Cr0.658368394Ti0.157327665Zr0.184303941,0.658368394,0.157327665,0.184303941,0.900838195,Cr0.65836839 Ti0.15732767 Zr0.18430394,-0.156552107,-0.067024335,-0.039614038,1.784181995,0.079083778
Cr0.145377942Ti0.70691531Zr0.147706748,0.145377942,0.70691531,0.147706748,0.468363956,Cr0.14537794 Ti0.70691531 Zr0.14770675,-0.093436884,-0.012900322,-0.027758096,3.443609578,0.053567032
Cr0.160611255Ti0.6845814Zr0.154807345,0.160611255,0.6845814,0.154807345,0.475249954,Cr0.16061126 Ti0.6845814 Zr0.15480735,-0.102260634,-0.020445015,-0.030639985,3.290702092,0.055440026
Cr0.177052344Ti0.661203105Zr0.161744551,0.177052344,0.661203105,0.161744551,0.490162771,Cr0.17705234 Ti0.66120311 Zr0.16174455,-0.111567837,-0.02833828,-0.033506812,3.147470903,0.057321731
Cr0.194728919Ti0.63682108Zr0.16845,0.194728919,0.63682108,0.16845,0.498229087,Cr0.19472892 Ti0.63682108 Zr0.16845,-0.121297883,-0.036520047,-0.036284871,3.013559633,0.059204538
Cr0.213654919Ti0.611500755Zr0.174844327,0.213654919,0.611500755,0.174844327,0.517601744,Cr0.21365492 Ti0.61150076 Zr0.17484433,-0.131354828,-0.044903845,-0.038889049,2.888604628,0.061078756
Cr0.233825927Ti0.585322303Zr0.18085177,0.233825927,0.585322303,0.18085177,0.526859138,Cr0.23382593 Ti0.5853223 Zr0.18085177,-0.14160065,-0.053373171,-0.041225382,2.772279335,0.062933714
Cr0.255218578Ti0.558389844Zr0.186391578,0.255218578,0.558389844,0.186391578,0.530530217,Cr0.25521858 Ti0.55838984 Zr0.18639158,-0.151848123,-0.061777522,-0.043194275,2.66424879,0.064756933
Cr0.277787256Ti0.53082643Zr0.191386313,0.277787256,0.53082643,0.191386313,0.543282567,Cr0.27778726 Ti0.53082643 Zr0.19138631,-0.161858815,-0.069932151,-0.044695395,2.56418689,0.066534723
Cr0.301463424Ti0.502773905Zr0.19576267,0.301463424,0.502773905,0.19576267,0.542282778,Cr0.30146342 Ti0.5027739 Zr0.19576267,-0.171347118,-0.077621714,-0.045633476,2.471764489,0.068252272
Cr0.326156053Ti0.47439102Zr0.199452926,0.326156053,0.47439102,0.199452926,0.55479828,Cr0.32615605 Ti0.47439102 Zr0.19945293,-0.179992867,-0.084609381,-0.045924799,2.386644313,0.069893875
Cr0.35175062Ti0.445849801Zr0.202399579,0.35175062,0.445849801,0.202399579,0.554938909,Cr0.35175062 Ti0.4458498 Zr0.20239958,-0.187463436,-0.090651871,-0.048080778,2.308487105,0.071443411
Cr0.378109072Ti0.417336043Zr0.204554886,0.378109072,0.417336043,0.204554886,0.553782623,Cr0.37810907 Ti0.41733604 Zr0.20455489,-0.193443216,-0.095519006,-0.050594626,2.236953512,0.072884453
Cr0.405077206Ti0.389035832Zr0.205886961,0.405077206,0.389035832,0.205886961,0.557977994,Cr0.40507721 Ti0.38903583 Zr0.20588696,-0.197670198,-0.099018355,-0.052428863,2.17169034,0.074201377
Cr0.432485475Ti0.361138218Zr0.206376307,0.432485475,0.361138218,0.206376307,0.56632515,Cr0.43248548 Ti0.36113822 Zr0.20637631,-0.199965681,-0.101014987,-0.053580328,2.112342591,0.075379267
Cr0.460149536Ti0.333829082Zr0.206021381,0.460149536,0.333829082,0.206021381,0.569021937,Cr0.46014954 Ti0.33382908 Zr0.20602138,-0.200258306,-0.101448366,-0.054077016,2.058559742,0.076404731
Cr0.487882556Ti0.307282721Zr0.204834722,0.487882556,0.307282721,0.204834722,0.575470338,Cr0.48788256 Ti0.30728272 Zr0.20483472,-0.198591937,-0.100338867,-0.053977091,2.009984689,0.077266292
Cr0.515494922Ti0.281660292Zr0.202844786,0.515494922,0.281660292,0.202844786,0.57742034,Cr0.51549492 Ti0.28166029 Zr0.20284479,-0.195117965,-0.097784116,-0.052882893,1.966266501,0.077954804
Cr0.542803921Ti0.257101501Zr0.200094578,0.542803921,0.257101501,0.200094578,0.582826661,Cr0.54280392 Ti0.2571015 Zr0.20009458,-0.190072928,-0.093945238,-0.051012792,1.92705474,0.078463907
Cr0.569634341Ti0.233726153Zr0.196639506,0.569634341,0.233726153,0.196639506,0.584535497,Cr0.56963434 Ti0.23372615 Zr0.19663951,-0.183747973,-0.089026983,-0.048865357,1.892009791,0.078790054
Cr0.595827788Ti0.211628302Zr0.19254391,0.595827788,0.211628302,0.19254391,0.587701031,Cr0.59582779 Ti0.2116283 Zr0.19254391,-0.17645461,-0.083254353,-0.046566187,1.860800141,0.078932578
Cr0.621240517Ti0.190878377Zr0.187881106,0.621240517,0.190878377,0.187881106,0.592158651,Cr0.62124052 Ti0.19087838 Zr0.18788111,-0.1684969,-0.076853098,-0.044236935,1.833109128,0.078893775
Cr0.645751231Ti0.171519569Zr0.1827292,0.645751231,0.171519569,0.1827292,0.591141866,Cr0.64575123 Ti0.17151957 Zr0.1827292,-0.160147874,-0.070032154,-0.041988108,1.808631775,0.078678699
Cr0.669261257Ti0.153571336Zr0.177167407,0.669261257,0.153571336,0.177167407,0.84576086,Cr0.66926126 Ti0.15357134 Zr0.17716741,-0.151636454,-0.062973137,-0.039914279,1.787082238,0.078294686
Cr0.15139793Ti0.703866749Zr0.144735321,0.15139793,0.703866749,0.144735321,0.493033304,Cr0.15139793 Ti0.70386675 Zr0.14473532,-0.096195487,-0.015254783,-0.028691146,3.355879334,0.053722213
Cr0.167173911Ti0.681167166Zr0.151658923,0.167173911,0.681167166,0.151658923,0.507603227,Cr0.16717391 Ti0.68116717 Zr0.15165892,-0.105141376,-0.022890729,-0.03154819,3.21035213,0.055607571
Cr0.184170008Ti0.657422894Zr0.158407098,0.184170008,0.657422894,0.158407098,0.516968362,Cr0.18417001 Ti0.65742289 Zr0.1584071,-0.114540477,-0.030847363,-0.034366792,3.074120227,0.057497926
Cr0.202408115Ti0.632685267Zr0.164906618,0.202408115,0.632685267,0.164906618,0.521205091,Cr0.20240811 Ti0.63268527 Zr0.16490662,-0.12432025,-0.039055451,-0.037070246,2.94682188,0.059384549
Cr0.22189439Ti0.607022484Zr0.171083126,0.22189439,0.607022484,0.171083126,0.530405407,Cr0.22189439 Ti0.60702248 Zr0.17108313,-0.134371577,-0.047418944,-0.039571559,2.828123612,0.061257482
Cr0.242616964Ti0.580523993Zr0.176859043,0.242616964,0.580523993,0.176859043,0.541375,Cr0.24261696 Ti0.58052399 Zr0.17685904,-0.144540941,-0.055810453,-0.041775907,2.717699234,0.0631052
Cr0.264543557Ti0.553300254Zr0.182156189,0.264543557,0.553300254,0.182156189,0.55104347,Cr0.26454356 Ti0.55330025 Zr0.18215619,-0.154625299,-0.064068809,-0.043584489,2.615228918,0.064914737
Cr0.287618662Ti0.525480737Zr0.186900601,0.287618662,0.525480737,0.186900601,0.554161418,Cr0.28761866 Ti0.52548074 Zr0.1869006,-0.164371815,-0.071999923,-0.044899653,2.520401501,0.066672015
Cr0.311766845Ti0.497212957Zr0.191020198,0.311766845,0.497212957,0.191020198,0.555813221,Cr0.31176685 Ti0.49721296 Zr0.1910202,-0.17348499,-0.079382513,-0.04563082,2.432888174,0.068361871
Cr0.336886488Ti0.468663168Zr0.194450344,0.336886488,0.468663168,0.194450344,0.563318451,Cr0.33688649 Ti0.46866317 Zr0.19445034,-0.181640671,-0.085977761,-0.046198038,2.352371215,0.069968301
Cr0.362854747Ti0.440007311Zr0.197137942,0.362854747,0.440007311,0.197137942,0.561403345,Cr0.36285475 Ti0.44000731 Zr0.19713794,-0.188512969,-0.091547749,-0.049183506,2.278523921,0.071475245
Cr0.38953003Ti0.411430703Zr0.199039267,0.38953003,0.411430703,0.199039267,0.566963863,Cr0.38953003 Ti0.4114307 Zr0.19903927,-0.193804666,-0.095875527,-0.051518552,2.211010565,0.072866628
Cr0.416748784Ti0.383125474Zr0.200125742,0.416748784,0.383125474,0.200125742,0.567131623,Cr0.41674878 Ti0.38312547 Zr0.20012574,-0.197281004,-0.098787608,-0.053179266,2.149502392,0.074126959
Cr0.444339257Ti0.355278982Zr0.200381761,0.444339257,0.355278982,0.200381761,0.567686094,Cr0.44433926 Ti0.35527898 Zr0.20038176,-0.198799551,-0.100174392,-0.054172493,2.093655406,0.075241939
Cr0.472116255Ti0.328073657Zr0.199810088,0.472116255,0.328073657,0.199810088,0.572046786,Cr0.47211625 Ti0.32807366 Zr0.19981009,-0.198328355,-0.100003109,-0.054535364,2.043132039,0.076199003
Cr0.499893336Ti0.301680634Zr0.198426031,0.499893336,0.301680634,0.198426031,0.575836379,Cr0.49989334 Ti0.30168063 Zr0.19842603,-0.195947977,-0.098320453,-0.054333648,1.99759186,0.07698747
Cr0.527483563Ti0.276255565Zr0.196260872,0.527483563,0.276255565,0.196260872,0.578184643,Cr0.52748356 Ti0.27625556 Zr0.19626087,-0.191839774,-0.095246256,-0.05280237,1.956699822,0.077599161
Cr0.554704662Ti0.251935374Zr0.193359964,0.554704662,0.251935374,0.193359964,0.57782561,Cr0.55470466 Ti0.25193537 Zr0.19335996,-0.186260994,-0.090957907,-0.050911251,1.920127493,0.078028641
Cr0.581391664Ti0.228827636Zr0.1897807,0.581391664,0.228827636,0.1897807,0.57946283,Cr0.58139166 Ti0.22882764 Zr0.1897807,-0.17951121,-0.085667995,-0.048785047,1.887543649,0.078273578
Cr0.607389182Ti0.207023815Zr0.185587003,0.607389182,0.207023815,0.185587003,0.582652914,Cr0.60738918 Ti0.20702381 Zr0.185587,-0.171901507,-0.079603192,-0.046547463,1.858641002,0.078334055
Cr0.632562766Ti0.186582939Zr0.180854294,0.632562766,0.186582939,0.180854294,0.583207196,Cr0.63256277 Ti0.18658294 Zr0.18085429,-0.163727391,-0.072984938,-0.044314953,1.833111817,0.078213591
Cr0.656798503Ti0.167542967Zr0.17565853,0.656798503,0.167542967,0.17565853,0.582688898,Cr0.6567985 Ti0.16754297 Zr0.17565853,-0.155248259,-0.066013847,-0.042192196,1.810670467,0.07791786
Cr0.680005354Ti0.149915454Zr0.170079192,0.680005354,0.149915454,0.170079192,0.763594921,Cr0.68000535 Ti0.14991545 Zr0.17007919,-0.146677966,-0.058861804,-0.040266316,1.791042315,0.077455083
Cr0.142467961Ti0.722545889Zr0.13498615,0.142467961,0.722545889,0.13498615,0.759960653,Cr0.14246796 Ti0.72254589 Zr0.13498615,-0.090323258,-0.01020074,-0.026753038,3.420774627,0.05199976
Cr0.157585323Ti0.700568718Zr0.141845959,0.157585323,0.700568718,0.141845959,0.522791684,Cr0.15758532 Ti0.70056872 Zr0.14184596,-0.098898587,-0.017566368,-0.029570152,3.272949378,0.05388545
Cr0.17390399Ti0.677512984Zr0.148583026,0.17390399,0.677512984,0.148583026,0.53249554,Cr0.17390399 Ti0.67751298 Zr0.14858303,-0.107946428,-0.02527646,-0.032392746,3.134420925,0.055779853
Cr0.191453788Ti0.653418428Zr0.155127784,0.191453788,0.653418428,0.155127784,0.532409543,Cr0.19145379 Ti0.65341843 Zr0.15512778,-0.117413766,-0.0332766,-0.035152872,3.004808224,0.057674929
Cr0.210247163Ti0.628341586Zr0.161411251,0.210247163,0.628341586,0.161411251,0.540352903,Cr0.21024716 Ti0.62834159 Zr0.16141125,-0.127215566,-0.041488081,-0.037771215,2.883799432,0.059561498
Cr0.230286846Ti0.602355296Zr0.167357858,0.230286846,0.602355296,0.167357858,0.552449631,Cr0.23028685 Ti0.6023553 Zr0.16735786,-0.137230393,-0.049806169,-0.040159663,2.771037233,0.061429042
Cr0.251549742Ti0.575558517Zr0.172891741,0.251549742,0.575558517,0.172891741,0.552065955,Cr0.25154974 Ti0.57555852 Zr0.17289174,-0.14728829,-0.058091934,-0.042222913,2.666227858,0.06326529
Cr0.273996698Ti0.548065228Zr0.177938073,0.273996698,0.548065228,0.177938073,0.560240485,Cr0.2739967 Ti0.54806523 Zr0.17793807,-0.15717224,-0.066175096,-0.043863878,2.569052788,0.065057021
Cr0.297564046Ti0.520014653Zr0.182421301,0.297564046,0.520014653,0.182421301,0.558015998,Cr0.29756405 Ti0.52001465 Zr0.1824213,-0.166615728,-0.073852756,-0.044988034,2.479204856,0.066789408
Cr0.322165495Ti0.491557343Zr0.186277162,0.322165495,0.491557343,0.186277162,0.563857116,Cr0.3221655 Ti0.49155734 Zr0.18627716,-0.175315773,-0.080899362,-0.045510276,2.396378918,0.068447365
Cr0.34769242Ti0.462866837Zr0.189440743,0.34769242,0.462866837,0.189440743,0.570313467,Cr0.34769242 Ti0.46286684 Zr0.18944074,-0.182947589,-0.087076438,-0.047369675,2.320260419,0.070014493
Cr0.374013059Ti0.434121157Zr0.191865785,0.374013059,0.434121157,0.191865785,0.563965945,Cr0.37401306 Ti0.43412116 Zr0.19186579,-0.189195891,-0.092154058,-0.050182804,2.250538812,0.071475032
Cr0.400980636Ti0.405508546Zr0.193510818,0.400980636,0.405508546,0.193510818,0.564606804,Cr0.40098064 Ti0.40550855 Zr0.19351082,-0.193784156,-0.095929921,-0.052345005,2.186887022,0.072813044
Cr0.428427392Ti0.377221465Zr0.194351143,0.428427392,0.377221465,0.194351143,0.565717206,Cr0.42842739 Ti0.37722146 Zr0.19435114,-0.196508232,-0.098251915,-0.053841998,2.128988038,0.074013488
Cr0.456177053Ti0.349446404Zr0.194376544,0.456177053,0.349446404,0.194376544,0.568438164,Cr0.45617705 Ti0.3494464 Zr0.19437654,-0.197262695,-0.099036326,-0.054689887,2.076514117,0.07506276
Cr0.48404315Ti0.322364579Zr0.193592271,0.48404315,0.322364579,0.193592271,0.571355793,Cr0.48404315 Ti0.32236458 Zr0.19359227,-0.19605369,-0.098277344,-0.054934293,2.029142099,0.075948956
Cr0.511840338Ti0.296141993Zr0.192017668,0.511840338,0.296141993,0.192017668,0.572618962,Cr0.51184034 Ti0.29614199 Zr0.19201767,-0.192996584,-0.096046897,-0.054279524,1.986544802,0.076662387
Cr0.539384511Ti0.270928665Zr0.189686824,0.539384511,0.270928665,0.189686824,0.575394511,Cr0.53938451 Ti0.27092867 Zr0.18968682,-0.188299414,-0.09248491,-0.052699435,1.948401266,0.077195882
Cr0.566499405Ti0.246853841Zr0.186646755,0.566499405,0.246853841,0.186646755,0.57256206,Cr0.5664994 Ti0.24685384 Zr0.18664675,-0.182235311,-0.087781687,-0.050804467,1.914395852,0.077545046
Cr0.593021541Ti0.224022675Zr0.182955784,0.593021541,0.224022675,0.182955784,0.572893573,Cr0.59302154 Ti0.22402268 Zr0.18295578,-0.175110239,-0.082156318,-0.048715607,1.884219253,0.07770842
Cr0.618807219Ti0.20251312Zr0.178679661,0.618807219,0.20251312,0.178679661,0.57275755,Cr0.61880722 Ti0.20251312 Zr0.17867966,-0.167230848,-0.075834165,-0.046552568,1.85756945,0.07768734
Cr0.6437258Ti0.182381824Zr0.173892377,0.6437258,0.182381824,0.173892377,0.574042122,Cr0.6437258 Ti0.18238182 Zr0.17389238,-0.158882969,-0.069031494,-0.044427215,1.834160433,0.077486009
Cr0.66767267Ti0.163657639Zr0.168669691,0.66767267,0.163657639,0.168669691,0.573439028,Cr0.66767267 Ti0.16365764 Zr0.16866969,-0.150311505,-0.061939843,-0.042437386,1.813716885,0.077111007
Cr0.690563201Ti0.146346961Zr0.163089838,0.690563201,0.146346961,0.163089838,0.708177702,Cr0.6905632 Ti0.14634696 Zr0.16308984,-0.141715245,-0.05472125,-0.040663114,1.79597859,0.076571241
Cr0.71233349Ti0.130434715Zr0.157231795,0.71233349,0.130434715,0.157231795,0.71380704,Cr0.71233349 Ti0.13043472 Zr0.1572318,-0.133246389,-0.047506513,-0.039164212,1.780697647,0.07587771
Cr0.163941987Ti0.697019873Zr0.139038141,0.163941987,0.697019873,0.139038141,0.552631521,Cr0.16394199 Ti0.69701987 Zr0.13903814,-0.101541042,-0.019831087,-0.030394057,3.194528707,0.054056568
Cr0.180801554Ti0.673622032Zr0.145576414,0.180801554,0.673622032,0.145576414,0.560187073,Cr0.18080155 Ti0.67362203 Zr0.14557641,-0.110669489,-0.027597115,-0.03317224,3.062635043,0.055956236
Cr0.198898445Ti0.649191341Zr0.151910214,0.198898445,0.649191341,0.151910214,0.56548983,Cr0.19889845 Ti0.64919134 Zr0.15191021,-0.120180301,-0.035619868,-0.035863512,2.939334342,0.057852381
Cr0.218242928Ti0.62378972Zr0.157967352,0.218242928,0.62378972,0.157967352,0.573074927,Cr0.21824293 Ti0.62378972 Zr0.15796735,-0.129977774,-0.043812883,-0.038386888,2.824280496,0.059735122
Cr0.238825477Ti0.597498466Zr0.163676057,0.238825477,0.597498466,0.163676057,0.57230932,Cr0.23882548 Ti0.59749847 Zr0.16367606,-0.139924982,-0.052060224,-0.040652898,2.717171048,0.061593304
Cr0.260617572Ti0.570422444Zr0.168959984,0.260617572,0.570422444,0.168959984,0.572428603,Cr0.26061757 Ti0.57042244 Zr0.16895998,-0.149837911,-0.060213528,-0.042566846,2.617699383,0.06341409
Cr0.283569351Ti0.54268371Zr0.173746939,0.283569351,0.54268371,0.173746939,0.579254842,Cr0.28356935 Ti0.54268371 Zr0.17374694,-0.159484646,-0.068092658,-0.04403366,2.525569373,0.065183732
Cr0.307610796Ti0.514423731Zr0.177965473,0.307610796,0.514423731,0.177965473,0.57556865,Cr0.3076108 Ti0.51442373 Zr0.17796547,-0.168588739,-0.0754888,-0.044963011,2.440474464,0.066887331
Cr0.332645065Ti0.48580359Zr0.181551345,0.332645065,0.48580359,0.181551345,0.577581911,Cr0.33264507 Ti0.48580359 Zr0.18155135,-0.176840342,-0.082172377,-0.04527548,2.362124987,0.068509188
Cr0.358555807Ti0.456997176Zr0.184447018,0.358555807,0.456997176,0.184447018,0.571547835,Cr0.35855581 Ti0.45699718 Zr0.18444702,-0.183919005,-0.087908814,-0.048437992,2.290217217,0.070033246
Cr0.385206889Ti0.42818587Zr0.186607241,0.385206889,0.42818587,0.186607241,0.573089286,Cr0.38520689 Ti0.42818587 Zr0.18660724,-0.189522676,-0.092477867,-0.051082225,2.224443607,0.071443728
Cr0.412440308Ti0.399562659Zr0.187997033,0.412440308,0.399562659,0.187997033,0.572309239,Cr0.41244031 Ti0.39956266 Zr0.18799703,-0.193398457,-0.095693816,-0.053078372,2.164501997,0.072725012
Cr0.440088375Ti0.371316397Zr0.188595228,0.440088375,0.371316397,0.188595228,0.567271828,Cr0.44008837 Ti0.3713164 Zr0.18859523,-0.19537526,-0.097427721,-0.054421843,2.110076363,0.073862705
Cr0.46797022Ti0.343634608Zr0.188395172,0.46797022,0.343634608,0.188395172,0.57072385,Cr0.46797022 Ti0.34363461 Zr0.18839517,-0.195384462,-0.097621661,-0.055137471,2.060856051,0.074843756
Cr0.495899854Ti0.31669494Zr0.187405206,0.495899854,0.31669494,0.187405206,0.567984933,Cr0.49589985 Ti0.31669494 Zr0.18740521,-0.193469016,-0.096296069,-0.055278606,2.016529224,0.07565707
Cr0.523693412Ti0.290657716Zr0.185648872,0.523693412,0.290657716,0.185648872,0.56843203,Cr0.52369341 Ti0.29065772 Zr0.18564887,-0.189776212,-0.093546263,-0.05418668,1.976781117,0.076294008
Cr0.55116797Ti0.265669278Zr0.183162752,0.55116797,0.265669278,0.183162752,0.568739346,Cr0.55116797 Ti0.26566928 Zr0.18316275,-0.184537375,-0.089530037,-0.052578247,1.941306795,0.076748352
Cr0.578153519Ti0.241850213Zr0.179996268,0.578153519,0.241850213,0.179996268,0.569009174,Cr0.57815352 Ti0.24185021 Zr0.17999627,-0.178038153,-0.084448347,-0.050695618,1.909800584,0.077016869
Cr0.604494199Ti0.219299183Zr0.176206618,0.604494199,0.219299183,0.176206618,0.565623553,Cr0.6044942 Ti0.21929918 Zr0.17620662,-0.170585877,-0.078523075,-0.048658093,1.881968231,0.077098892
Cr0.630047986Ti0.198089688Zr0.171862326,0.630047986,0.198089688,0.171862326,0.561248328,Cr0.63004799 Ti0.19808969 Zr0.17186233,-0.162483085,-0.071978651,-0.046581549,1.857523612,0.076996916
Cr0.654696777Ti0.178267825Zr0.167035398,0.654696777,0.178267825,0.167035398,0.561031137,Cr0.65469678 Ti0.17826782 Zr0.1670354,-0.154002145,-0.06502314,-0.044571879,1.836189747,0.076715937
Cr0.678339926Ti0.159857776Zr0.161802298,0.678339926,0.159857776,0.161802298,0.560237458,Cr0.67833993 Ti0.15985778 Zr0.1618023,-0.14537464,-0.057839878,-0.04272019,1.817704257,0.076263488
Cr0.700901006Ti0.142860397Zr0.156238597,0.700901006,0.142860397,0.156238597,0.673780055,Cr0.70090101 Ti0.1428604 Zr0.1562386,-0.136783536,-0.050580297,-0.041099421,1.801820126,0.075649001
Cr0.170466572Ti0.69322586Zr0.136307567,0.170466572,0.69322586,0.136307567,0.597256968,Cr0.17046657 Ti0.69322586 Zr0.13630757,-0.104117,-0.022044031,-0.031161369,3.120361679,0.054234733
Cr0.187863506Ti0.669495869Zr0.142640625,0.187863506,0.669495869,0.142640625,0.584131045,Cr0.18786351 Ti0.66949587 Zr0.14264062,-0.113305249,-0.029848116,-0.033885442,2.994780307,0.056136349
Cr0.206504513Ti0.644741286Zr0.148754201,0.206504513,0.644741286,0.148754201,0.591281892,Cr0.20650451 Ti0.64474129 Zr0.1487542,-0.122836593,-0.037874039,-0.036498158,2.877455056,0.058029965
Cr0.226390156Ti0.619030108Zr0.154579736,0.226390156,0.619030108,0.154579736,0.592808801,Cr0.22639016 Ti0.61903011 Zr0.15457974,-0.132602368,-0.046025795,-0.03891683,2.768082031,0.059905205
Cr0.247503891Ti0.592453907Zr0.160042202,0.247503891,0.592453907,0.160042202,0.589090452,Cr0.24750389 Ti0.59245391 Zr0.1600422,-0.142451056,-0.054177207,-0.04105138,2.666351671,0.061749943
Cr0.269810297Ti0.565118822Zr0.165070881,0.269810297,0.565118822,0.165070881,0.592955344,Cr0.2698103 Ti0.56511882 Zr0.16507088,-0.152185739,-0.062171492,-0.042808566,2.571968887,0.063551321
Cr0.29325193Ti0.537154831Zr0.169593239,0.29325193,0.537154831,0.169593239,0.581650976,Cr0.29325193 Ti0.53715483 Zr0.16959324,-0.161561059,-0.069819831,-0.044095901,2.484640747,0.065294964
Cr0.317746426Ti0.508711095Zr0.173542479,0.317746426,0.508711095,0.173542479,0.591393002,Cr0.31774643 Ti0.5087111 Zr0.17354248,-0.17029054,-0.07690723,-0.044827651,2.404087596,0.066965664
Cr0.34319038Ti0.479951742Zr0.176857878,0.34319038,0.479951742,0.176857878,0.584118846,Cr0.34319038 Ti0.47995174 Zr0.17685788,-0.178062545,-0.083203862,-0.046310147,2.330020625,0.06854771
Cr0.36946043Ti0.451053409Zr0.179486161,0.36946043,0.451053409,0.179486161,0.57915354,Cr0.36946043 Ti0.45105341 Zr0.17948616,-0.184563405,-0.088480602,-0.049406556,2.262143987,0.070025159
Cr0.396413684Ti0.422202164Zr0.181384152,0.396413684,0.422202164,0.181384152,0.576700455,Cr0.39641368 Ti0.42220216 Zr0.18138415,-0.189507133,-0.092528728,-0.051885929,2.200160886,0.071382243
Cr0.423888483Ti0.393590261Zr0.182521256,0.423888483,0.393590261,0.182521256,0.573843173,Cr0.42388848 Ti0.39359026 Zr0.18252126,-0.192667618,-0.095181353,-0.053723871,2.14377717,0.072603822
Cr0.451708774Ti0.365408844Zr0.182882382,0.451708774,0.365408844,0.182882382,0.568653386,Cr0.45170877 Ti0.36540884 Zr0.18288238,-0.193907764,-0.096333304,-0.054924521,2.092696902,0.073676095
Cr0.479696407Ti0.337839389Zr0.182464204,0.479696407,0.337839389,0.182464204,0.565906984,Cr0.47969641 Ti0.33783939 Zr0.1824642,-0.193195904,-0.095952762,-0.055521177,2.04661185,0.074586867
Cr0.5076625Ti0.311058582Zr0.181278918,0.5076625,0.311058582,0.181278918,0.564911116,Cr0.5076625 Ti0.31105858 Zr0.18127892,-0.190610048,-0.094085338,-0.05533562,2.005226386,0.075325854
Cr0.535427407Ti0.28522148Zr0.179351113,0.535427407,0.28522148,0.179351113,0.562137208,Cr0.53542741 Ti0.28522148 Zr0.17935111,-0.186325345,-0.09084698,-0.054064084,1.968236461,0.075885233
Cr0.562808225Ti0.260468944Zr0.176722831,0.562808225,0.260468944,0.176722831,0.561706543,Cr0.56280823 Ti0.26046894 Zr0.17672283,-0.180593882,-0.086411802,-0.052443213,1.935350256,0.076260089
Cr0.589643358Ti0.236915626Zr0.173441015,0.589643358,0.236915626,0.173441015,0.561116212,Cr0.58964336 Ti0.23691563 Zr0.17344102,-0.173708635,-0.080987631,-0.050587816,1.90627572,0.076447826
Cr0.615779588Ti0.214653163Zr0.169567249,0.615779588,0.214653163,0.169567249,0.557353545,Cr0.61577959 Ti0.21465316 Zr0.16956725,-0.165978037,-0.074799176,-0.048614456,1.880730047,0.07644914
Cr0.641085651Ti0.193745296Zr0.165169053,0.641085651,0.193745296,0.165169053,0.551785379,Cr0.64108565 Ti0.1937453 Zr0.16516905,-0.157695305,-0.068065861,-0.046634143,1.858435636,0.076267431
Cr0.665448218Ti0.174234106Zr0.160317676,0.665448218,0.174234106,0.160317676,0.550499865,Cr0.66544822 Ti0.17423411 Zr0.16031768,-0.149120543,-0.060988477,-0.044746996,1.839130779,0.075908483
Cr0.68877356Ti0.156137836Zr0.155088604,0.68877356,0.156137836,0.155088604,0.546728086,Cr0.68877356 Ti0.15613784 Zr0.1550886,-0.140470519,-0.053740851,-0.043037231,1.822564123,0.075380617
Cr0.710995014Ti0.139449563Zr0.149555423,0.710995014,0.139449563,0.149555423,0.586428886,Cr0.71099501 Ti0.13944956 Zr0.14955542,-0.131912179,-0.046463453,-0.041570356,1.808496419,0.074693869
Cr0.177158696Ti0.689190737Zr0.133650567,0.177158696,0.689190737,0.133650567,0.616837324,Cr0.1771587 Ti0.68919074 Zr0.13365057,-0.106622568,-0.024201673,-0.031871009,3.050198249,0.054419227
Cr0.195089489Ti0.665137855Zr0.139772656,0.195089489,0.665137855,0.139772656,0.622207223,Cr0.19508949 Ti0.66513786 Zr0.13977266,-0.115850483,-0.032026376,-0.034531566,2.9306162,0.056319545
Cr0.214264966Ti0.640073188Zr0.145661846,0.214264966,0.640073188,0.145661846,0.614926144,Cr0.21426497 Ti0.64007319 Zr0.14566185,-0.125378094,-0.040034803,-0.037055986,2.818999856,0.058207114
Cr0.234682684Ti0.614069107Zr0.151248209,0.234682684,0.614069107,0.151248209,0.609948124,Cr0.23468268 Ti0.61406911 Zr0.15124821,-0.135085385,-0.048122981,-0.039360759,2.715024225,0.06007102
Cr0.256315208Ti0.587223936Zr0.156460856,0.256315208,0.587223936,0.156460856,0.615062319,Cr0.25631521 Ti0.58722394 Zr0.15646086,-0.144806386,-0.056154698,-0.041355854,2.618417744,0.061898692
Cr0.27912033Ti0.559648925Zr0.161230746,0.27912033,0.559648925,0.161230746,0.605797643,Cr0.27912033 Ti0.55964892 Zr0.16123075,-0.154331007,-0.063964598,-0.042949807,2.528886154,0.063676882
Cr0.303030546Ti0.531483007Zr0.165486447,0.303030546,0.531483007,0.165486447,0.610413257,Cr0.30303055 Ti0.53148301 Zr0.16548645,-0.163401237,-0.071355765,-0.044053337,2.446150412,0.065390634
Cr0.327956825Ti0.502876299Zr0.169166876,0.327956825,0.502876299,0.169166876,0.595853579,Cr0.32795683 Ti0.5028763 Zr0.16916688,-0.171725064,-0.07811045,-0.044586198,2.369935515,0.0670249
Cr0.353787499Ti0.474000832Zr0.172211669,0.353787499,0.474000832,0.172211669,0.595741137,Cr0.3537875 Ti0.47400083 Zr0.17221167,-0.178990022,-0.08399901,-0.047344081,2.299960971,0.068563564
Cr0.38039276Ti0.445033408Zr0.174573832,0.38039276,0.445033408,0.174573832,0.591555486,Cr0.38039276 Ti0.44503341 Zr0.17457383,-0.184892946,-0.088800337,-0.050279985,2.235940787,0.069991071
Cr0.407620074Ti0.416167251Zr0.176212675,0.407620074,0.416167251,0.176212675,0.583784414,Cr0.40762007 Ti0.41616725 Zr0.17621268,-0.189166488,-0.09231889,-0.052599509,2.177595678,0.071291613
Cr0.435304953Ti0.387589457Zr0.17710559,0.435304953,0.387589457,0.17710559,0.574951071,Cr0.43530495 Ti0.38758946 Zr0.17710559,-0.191615059,-0.09440935,-0.054287415,2.124635391,0.072451022
Cr0.46326958Ti0.359494274Zr0.177236146,0.46326958,0.359494274,0.177236146,0.571344947,Cr0.46326958 Ti0.35949427 Zr0.17723615,-0.192134531,-0.094989517,-0.055356399,2.076773289,0.073455607
Cr0.491333632Ti0.332058226Zr0.176608142,0.491333632,0.332058226,0.176608142,0.562339605,Cr0.49133363 Ti0.33205823 Zr0.17660814,-0.190730156,-0.094053823,-0.055847317,2.033713157,0.074294276
Cr0.519309873Ti0.305452655Zr0.175237472,0.519309873,0.305452655,0.175237472,0.55980985,Cr0.51930987 Ti0.30545266 Zr0.17523747,-0.187512623,-0.091671585,-0.055225703,1.995167754,0.074957732
Cr0.547016229Ti0.279832285Zr0.173151486,0.547016229,0.279832285,0.173151486,0.557547839,Cr0.54701623 Ti0.27983229 Zr0.17315149,-0.182682978,-0.087978242,-0.053917758,1.960850494,0.07543901
Cr0.574281632Ti0.255327453Zr0.170390915,0.574281632,0.255327453,0.170390915,0.553946723,Cr0.57428163 Ti0.25532745 Zr0.17039092,-0.17650694,-0.083159017,-0.052299524,1.930474554,0.075734035
Cr0.600943713Ti0.232047572Zr0.167008714,0.600943713,0.232047572,0.167008714,0.550177444,Cr0.60094371 Ti0.23204757 Zr0.16700871,-0.16928528,-0.077429284,-0.050484575,1.903761073,0.075841644
Cr0.62685807Ti0.210076568Zr0.163065361,0.62685807,0.210076568,0.163065361,0.545374256,Cr0.62685807 Ti0.21007657 Zr0.16306536,-0.161322195,-0.071012494,-0.048586079,1.880436996,0.075763392
Cr0.651898138Ti0.189474363Zr0.158627499,0.651898138,0.189474363,0.158627499,0.541263121,Cr0.65189814 Ti0.18947436 Zr0.1586275,-0.152901497,-0.064123035,-0.04671029,1.860239819,0.075503468
Cr0.675958944Ti0.17027499Zr0.153766065,0.675958944,0.17027499,0.153766065,0.537941526,Cr0.67595894 Ti0.17027499 Zr0.15376607,-0.144269389,-0.056953063,-0.044950823,1.842916061,0.075068568
Cr0.698956976Ti0.152489654Zr0.148553369,0.698956976,0.152489654,0.148553369,0.532176696,Cr0.69895698 Ti0.15248965 Zr0.14855337,-0.135626054,-0.049665272,-0.043385004,1.828225557,0.074467483
Cr0.72082827Ti0.136107943Zr0.143063787,0.72082827,0.136107943,0.143063787,0.496274923,Cr0.72082827 Ti0.13610794 Zr0.14306379,-0.127125663,-0.042391704,-0.04207125,1.815936819,0.073711171
Cr0.184014702Ti0.684921087Zr0.131064211,0.184014702,0.684921087,0.131064211,0.651583333,Cr0.1840147 Ti0.68492109 Zr0.13106421,-0.109053917,-0.026300262,-0.032521777,2.983831285,0.054609168
Cr0.202472178Ti0.660557425Zr0.136970396,0.202472178,0.660557425,0.136970396,0.66099662,Cr0.20247218 Ti0.66055743 Zr0.1369704,-0.11830058,-0.034127373,-0.035109393,2.869968363,0.056504796
Cr0.222175725Ti0.635195092Zr0.142629184,0.222175725,0.635195092,0.142629184,0.652510197,Cr0.22217572 Ti0.63519509 Zr0.14262918,-0.127801847,-0.042099,-0.037536513,2.763769061,0.058382851
Cr0.243112568Ti0.608912748Zr0.147974684,0.243112568,0.608912748,0.147974684,0.644827647,Cr0.24311257 Ti0.60891275 Zr0.14797468,-0.137424507,-0.050101772,-0.039718961,2.664949157,0.06023199
Cr0.265250365Ti0.581814368Zr0.152935267,0.265250365,0.581814368,0.152935267,0.634497929,Cr0.26525036 Ti0.58181437 Zr0.15293527,-0.146989625,-0.057990844,-0.041567473,2.573223856,0.062039091
Cr0.288536551Ti0.55401954Zr0.157443909,0.288536551,0.55401954,0.157443909,0.629800076,Cr0.28853655 Ti0.55401954 Zr0.15744391,-0.156273334,-0.065591805,-0.042992679,2.488320633,0.063790368
Cr0.312895154Ti0.52567117Zr0.161433676,0.312895154,0.52567117,0.161433676,0.627920928,Cr0.31289515 Ti0.52567117 Zr0.16143368,-0.165008104,-0.072702075,-0.043909466,2.409970979,0.065470768
Cr0.338229899Ti0.496924927Zr0.164845173,0.338229899,0.496924927,0.164845173,0.61649512,Cr0.3382299 Ti0.49692493 Zr0.16484517,-0.172897158,-0.079101545,-0.044928341,2.337903316,0.067064993
Cr0.364421756Ti0.467955345Zr0.167622899,0.364421756,0.467955345,0.167622899,0.606944508,Cr0.36442176 Ti0.46795535 Zr0.1676229,-0.179631701,-0.084563985,-0.048284895,2.271846563,0.068557074
Cr0.391332203Ti0.43894532Zr0.169722477,0.391332203,0.43894532,0.169722477,0.600228192,Cr0.3913322 Ti0.43894532 Zr0.16972248,-0.184920566,-0.088877106,-0.051062786,2.211528075,0.069931416
Cr0.418805343Ti0.410085048Zr0.171109609,0.418805343,0.410085048,0.171109609,0.588504943,Cr0.41880534 Ti0.41008505 Zr0.17110961,-0.188520161,-0.091862306,-0.053228598,2.156672394,0.071172913
Cr0.446672329Ti0.381564163Zr0.171763508,0.446672329,0.381564163,0.171763508,0.576517231,Cr0.44667233 Ti0.38156416 Zr0.17176351,-0.190264422,-0.093394877,-0.054775505,2.106999871,0.072267671
Cr0.474752657Ti0.353573225Zr0.171674118,0.474752657,0.353573225,0.171674118,0.568499494,Cr0.47475266 Ti0.35357322 Zr0.17167412,-0.190084762,-0.093417687,-0.055724256,2.062233385,0.073202941
Cr0.502863372Ti0.326289685Zr0.170846943,0.502863372,0.326289685,0.170846943,0.559804002,Cr0.50286337 Ti0.32628968 Zr0.17084694,-0.188020564,-0.091949465,-0.05603351,2.022090649,0.073968186
Cr0.530821177Ti0.299877475Zr0.169301348,0.530821177,0.299877475,0.169301348,0.557175242,Cr0.53082118 Ti0.29987748 Zr0.16930135,-0.184212586,-0.089081569,-0.055083168,1.986290361,0.074555172
Cr0.558446003Ti0.274485171Zr0.167068826,0.558446003,0.274485171,0.167068826,0.552932005,Cr0.558446 Ti0.27448517 Zr0.16706883,-0.178884251,-0.084966607,-0.05375348,1.954555844,0.074958101
Cr0.585569617Ti0.250238961Zr0.164191422,0.585569617,0.250238961,0.164191422,0.546593314,Cr0.58556962 Ti0.25023896 Zr0.16419142,-0.172313503,-0.079800138,-0.052151512,1.926612733,0.075173835
Cr0.612037411Ti0.227240418Zr0.160722172,0.612037411,0.227240418,0.160722172,0.540690722,Cr0.61203741 Ti0.22724042 Zr0.16072217,-0.164802867,-0.073800549,-0.050388869,1.902191214,0.075202158
Cr0.637709272Ti0.205568712Zr0.156722016,0.637709272,0.205568712,0.156722016,0.536174575,Cr0.63770927 Ti0.20556871 Zr0.15672202,-0.15665148,-0.067189497,-0.048574973,1.881031085,0.075045563
Cr0.662467669Ti0.185274289Zr0.152258042,0.662467669,0.185274289,0.152258042,0.532197829,Cr0.66246767 Ti0.18527429 Zr0.15225804,-0.148131491,-0.060174533,-0.046810247,1.862875798,0.074709274
Cr0.686213797Ti0.166387418Zr0.147398785,0.686213797,0.166387418,0.147398785,0.526001881,Cr0.6862138 Ti0.16638742 Zr0.14739879,-0.139474664,-0.052938637,-0.045182183,1.847485922,0.074200548
Cr0.708870727Ti0.148913578Zr0.142215695,0.708870727,0.148913578,0.142215695,0.515917113,Cr0.70887073 Ti0.14891358 Zr0.1422157,-0.130866356,-0.045634695,-0.043761156,1.834629783,0.073528927
Cr0.730383182Ti0.132835188Zr0.13678163,0.730383182,0.132835188,0.13678163,0.469112736,Cr0.73038318 Ti0.13283519 Zr0.13678163,-0.122445954,-0.038384451,-0.042598439,1.824080194,0.072706
Cr0.210011438Ti0.655759064Zr0.134229498,0.210011438,0.655759064,0.134229498,0.693479271,Cr0.21001144 Ti0.65575906 Zr0.1342295,-0.12065484,-0.036149712,-0.035618667,2.812611916,0.056691317
Cr0.230232498Ti0.630109851Zr0.139657651,0.230232498,0.630109851,0.139657651,0.690545822,Cr0.2302325 Ti0.63010985 Zr0.13965765,-0.130107548,-0.044065484,-0.037940063,2.711589124,0.05855677
Cr0.251674961Ti0.603565799Zr0.14475924,0.251674961,0.603565799,0.14475924,0.674540999,Cr0.25167496 Ti0.6035658 Zr0.14475924,-0.139619742,-0.051961306,-0.039992329,2.617686985,0.060387582
Cr0.274301176Ti0.576232393Zr0.149466431,0.274301176,0.576232393,0.149466431,0.666580347,Cr0.27430118 Ti0.57623239 Zr0.14946643,-0.149000843,-0.05968487,-0.041687845,2.530623754,0.062170567
Cr0.298050336Ti0.548235202Zr0.153714462,0.298050336,0.548235202,0.153714462,0.65838152,Cr0.29805034 Ti0.5482352 Zr0.15371446,-0.158015023,-0.067054188,-0.042940024,2.45013845,0.063891579
Cr0.322834918Ti0.519725867Zr0.157439215,0.322834918,0.519725867,0.157439215,0.640061074,Cr0.32283492 Ti0.51972587 Zr0.15743921,-0.166385431,-0.073861023,-0.043668188,2.375982445,0.065535166
Cr0.348553353Ti0.490862046Zr0.160584601,0.348553353,0.490862046,0.160584601,0.631431573,Cr0.34855335 Ti0.49086205 Zr0.1605846,-0.173813989,-0.079885417,-0.045933528,2.30788356,0.067086092
Cr0.375078982Ti0.461821365Zr0.163099653,0.375078982,0.461821365,0.163099653,0.613587294,Cr0.37507898 Ti0.46182136 Zr0.16309965,-0.179998297,-0.084906363,-0.04913707,2.245580948,0.068528539
Cr0.402267081Ti0.432789594Zr0.164943325,0.402267081,0.432789594,0.164943325,0.599599098,Cr0.40226708 Ti0.43278959 Zr0.16494333,-0.184662753,-0.088722865,-0.05176084,2.188809944,0.069847103
Cr0.429957355Ti0.40395769Zr0.166084955,0.429957355,0.40395769,0.166084955,0.592112509,Cr0.42995735 Ti0.40395769 Zr0.16608496,-0.187588501,-0.091173763,-0.053779711,2.137303047,0.071027076
Cr0.457974878Ti0.375515563Zr0.166509558,0.457974878,0.375515563,0.166509558,0.578160175,Cr0.45797488 Ti0.37551556 Zr0.16650956,-0.188641591,-0.092156912,-0.055194998,2.09079385,0.072055268
Cr0.486140015Ti0.347649875Zr0.166210109,0.486140015,0.347649875,0.166210109,0.561994894,Cr0.48614001 Ti0.34764987 Zr0.16621011,-0.187787883,-0.091639512,-0.056035062,2.049009359,0.072919683
Cr0.5142704Ti0.320533726Zr0.165195875,0.5142704,0.320533726,0.165195875,0.555604923,Cr0.5142704 Ti0.32053373 Zr0.16519587,-0.185099539,-0.089663851,-0.055909935,2.011676007,0.073610703
Cr0.54218071Ti0.294331123Zr0.163488167,0.54218071,0.294331123,0.163488167,0.55030773,Cr0.54218071 Ti0.29433112 Zr0.16348817,-0.180744518,-0.086341424,-0.054914596,1.978527794,0.074120833
Cr0.56969669Ti0.269181742Zr0.161121569,0.56969669,0.269181742,0.161121569,0.54469351,Cr0.56969669 Ti0.26918174 Zr0.16112157,-0.174964816,-0.081839421,-0.053577081,1.949293569,0.074445459
Cr0.596656781Ti0.245203093Zr0.158140126,0.596656781,0.245203093,0.158140126,0.541906052,Cr0.59665678 Ti0.24520309 Zr0.15814013,-0.168046672,-0.076360961,-0.0520038,1.923705943,0.074582556
Cr0.622907524Ti0.222495441Zr0.154597035,0.622907524,0.222495441,0.154597035,0.533203937,Cr0.62290752 Ti0.22249544 Zr0.15459703,-0.160293069,-0.070126609,-0.050304118,1.9015108,0.074532725
Cr0.648319934Ti0.201126474Zr0.150553593,0.648319934,0.201126474,0.150553593,0.528299976,Cr0.64831993 Ti0.20112647 Zr0.15055359,-0.151994401,-0.063353371,-0.0485826,1.882451868,0.074299517
Cr0.672780295Ti0.18114416Zr0.146075544,0.672780295,0.18114416,0.146075544,0.520508344,Cr0.6727803 Ti0.18114416 Zr0.14607554,-0.143411021,-0.056241821,-0.046934298,1.866286958,0.073888842
Cr0.696199697Ti0.162569394Zr0.141230908,0.696199697,0.162569394,0.141230908,0.503773385,Cr0.6961997 Ti0.16256939 Zr0.14123091,-0.134759255,-0.048964835,-0.045439743,1.852781018,0.07330881
Cr0.718506932Ti0.145404063Zr0.136089006,0.718506932,0.145404063,0.136089006,0.447342231,Cr0.71850693 Ti0.14540406 Zr0.13608901,-0.12620976,-0.041665414,-0.044162735,1.841712989,0.072569492
Cr0.217697388Ti0.650755331Zr0.131547282,0.217697388,0.650755331,0.131547282,0.733877464,Cr0.21769739 Ti0.65075533 Zr0.13154728,-0.122910101,-0.038089742,-0.036058572,2.758400243,0.056877872
Cr0.238425557Ti0.624832523Zr0.13674192,0.238425557,0.624832523,0.13674192,0.720126095,Cr0.23842556 Ti0.62483252 Zr0.13674192,-0.132292182,-0.045930777,-0.03826629,2.662306056,0.058727425
Cr0.260361547Ti0.598038356Zr0.141600097,0.260361547,0.598038356,0.141600097,0.699427772,Cr0.26036155 Ti0.59803836 Zr0.1416001,-0.14167046,-0.053700133,-0.040181762,2.573089744,0.060536889
Cr0.283460282Ti0.57048492Zr0.146054798,0.283460282,0.57048492,0.146054798,0.687739392,Cr0.28346028 Ti0.57048492 Zr0.1460548,-0.150841525,-0.061237132,-0.041719056,2.490475151,0.062292586
Cr0.307649314Ti0.54230638Zr0.150044306,0.307649314,0.54230638,0.150044306,0.674737681,Cr0.30764931 Ti0.54230638 Zr0.15004431,-0.159558034,-0.068352534,-0.042794948,2.414222979,0.06397997
Cr0.332838511Ti0.513653781Zr0.153507708,0.332838511,0.513653781,0.153507708,0.662920616,Cr0.33283851 Ti0.51365378 Zr0.15350771,-0.167538615,-0.074836176,-0.043333989,2.344073339,0.065583746
Cr0.358915294Ti0.48469376Zr0.156390945,0.358915294,0.48469376,0.156390945,0.648592146,Cr0.35891529 Ti0.48469376 Zr0.15639095,-0.174484114,-0.080468097,-0.046853513,2.279773086,0.067088344
Cr0.385746305Ti0.455605263Zr0.158648431,0.385746305,0.455605263,0.158648431,0.629388411,Cr0.38574631 Ti0.45560526 Zr0.15864843,-0.180102046,-0.085034964,-0.049905616,2.221069549,0.068478297
Cr0.413183515Ti0.426573095Zr0.16024339,0.413183515,0.426573095,0.16024339,0.615447147,Cr0.41318352 Ti0.4265731 Zr0.16024339,-0.184135842,-0.088349497,-0.05237999,2.167700777,0.069738662
Cr0.441059818Ti0.397790607Zr0.161149575,0.441059818,0.397790607,0.161149575,0.601785182,Cr0.44105982 Ti0.39779061 Zr0.16114957,-0.186393256,-0.090269238,-0.054259366,2.119412095,0.070855174
Cr0.469198398Ti0.369447801Zr0.161353802,0.469198398,0.369447801,0.161353802,0.587833382,Cr0.4691984 Ti0.3694478 Zr0.1613538,-0.186772115,-0.090714324,-0.055552904,2.075943685,0.071815099
Cr0.497418515Ti0.341726269Zr0.160855215,0.497418515,0.341726269,0.160855215,0.571030211,Cr0.49741852 Ti0.34172627 Zr0.16085521,-0.185272891,-0.089676595,-0.056295902,2.037030705,0.07260752
Cr0.525537089Ti0.314797426Zr0.159665485,0.525537089,0.314797426,0.159665485,0.552296967,Cr0.52553709 Ti0.31479743 Zr0.15966548,-0.181998354,-0.087220501,-0.055753379,2.002410164,0.073223587
Cr0.55337456Ti0.288816539Zr0.1578089,0.55337456,0.288816539,0.1578089,0.546447214,Cr0.55337456 Ti0.28881654 Zr0.1578089,-0.177140228,-0.083475406,-0.054726564,1.97182005,0.073656916
Cr0.580757933Ti0.263920101Zr0.155321966,0.580757933,0.263920101,0.155321966,0.541877686,Cr0.58075793 Ti0.2639201 Zr0.15532197,-0.170955748,-0.078620784,-0.053393893,1.945001403,0.073903827
Cr0.607529069Ti0.240221888Zr0.152249043,0.607529069,0.240221888,0.152249043,0.536232659,Cr0.60752907 Ti0.24022189 Zr0.15224904,-0.163736829,-0.072865503,-0.051860802,1.921699069,0.073963139
Cr0.633544865Ti0.217809343Zr0.148645792,0.633544865,0.217809343,0.148645792,0.529233331,Cr0.63354486 Ti0.21780934 Zr0.14864579,-0.155783001,-0.066429393,-0.050232908,1.901660127,0.073836764
Cr0.658679412Ti0.19674932Zr0.144571268,0.658679412,0.19674932,0.144571268,0.517147819,Cr0.65867941 Ti0.19674932 Zr0.14457127,-0.147375574,-0.059524543,-0.048610442,1.884644564,0.073528791
Cr0.682828129Ti0.177080692Zr0.140091179,0.682828129,0.177080692,0.140091179,0.492156756,Cr0.68282813 Ti0.17708069 Zr0.14009118,-0.138761171,-0.05234294,-0.047082203,1.870415274,0.073046062
Cr0.705908812Ti0.158819349Zr0.135271839,0.705908812,0.158819349,0.135271839,0.42274323,Cr0.70590881 Ti0.15881935 Zr0.13527184,-0.13014117,-0.045047621,-0.045722274,1.858746739,0.072397298
Cr0.727856792Ti0.141961983Zr0.130181225,0.727856792,0.141961983,0.130181225,0.655013798,Cr0.72785679 Ti0.14196198 Zr0.13018123,-0.121671807,-0.037771771,-0.044587778,1.849424402,0.071593201
Cr0.246749285Ti0.619367951Zr0.133882764,0.246749285,0.619367951,0.133882764,0.756758692,Cr0.24674929 Ti0.61936795 Zr0.13388276,-0.13435715,-0.047694984,-0.038516188,2.615764998,0.058894317
Cr0.269165047Ti0.592338368Zr0.138496585,0.269165047,0.592338368,0.138496585,0.741810739,Cr0.26916505 Ti0.59233837 Zr0.13849659,-0.143577759,-0.0553182,-0.040288752,2.531014089,0.060679219
Cr0.292715844Ti0.564582265Zr0.142701891,0.292715844,0.564582265,0.142701891,0.723514495,Cr0.29271584 Ti0.56458226 Zr0.14270189,-0.152513184,-0.062647996,-0.041663592,2.452661295,0.062404544
Cr0.317326117Ti0.5362391Zr0.146434783,0.317326117,0.5362391,0.146434783,0.697700303,Cr0.31732612 Ti0.5362391 Zr0.14643478,-0.160906811,-0.069489686,-0.042561102,2.380446958,0.064055262
Cr0.342895037Ti0.507464219Zr0.149640744,0.342895037,0.507464219,0.149640744,0.673867205,Cr0.34289504 Ti0.50746422 Zr0.14964074,-0.168473373,-0.075631407,-0.044249412,2.314134628,0.065616207
Cr0.369303925Ti0.478427494Zr0.152268581,0.369303925,0.478427494,0.152268581,0.661276669,Cr0.36930392 Ti0.47842749 Zr0.15226858,-0.174916974,-0.080856372,-0.047692654,2.253473877,0.067071864
Cr0.396413116Ti0.44931104Zr0.154275844,0.396413116,0.44931104,0.154275844,0.639432738,Cr0.39641312 Ti0.44931104 Zr0.15427584,-0.179956913,-0.08496005,-0.050596126,2.198219116,0.068406927
Cr0.424068821Ti0.420300248Zr0.155630931,0.424068821,0.420300248,0.155630931,0.627574619,Cr0.42406882 Ti0.42030025 Zr0.15563093,-0.183357991,-0.087770421,-0.052926504,2.148117893,0.069606969
Cr0.452100663Ti0.391589562Zr0.156309776,0.452100663,0.391589562,0.156309776,0.602616504,Cr0.45210066 Ti0.39158956 Zr0.15630978,-0.184955827,-0.089164573,-0.054674335,2.102921767,0.0706581
Cr0.480330365Ti0.363363952Zr0.156305682,0.480330365,0.363363952,0.156305682,0.586210753,Cr0.48033036 Ti0.36336395 Zr0.15630568,-0.184681834,-0.089086408,-0.05585628,2.06237752,0.07154864
Cr0.508576018Ti0.3358044Zr0.155619582,0.508576018,0.3358044,0.155619582,0.569071559,Cr0.50857602 Ti0.3358044 Zr0.15561958,-0.182568348,-0.087550445,-0.056247073,2.026229808,0.072268275
Cr0.536654529Ti0.309078119Zr0.154267353,0.536654529,0.309078119,0.154267353,0.551382428,Cr0.53665453 Ti0.30907812 Zr0.15426735,-0.17874709,-0.084642351,-0.055570577,1.994224424,0.072809206
Cr0.564392119Ti0.283333622Zr0.152274258,0.564392119,0.283333622,0.152274258,0.542214978,Cr0.56439212 Ti0.28333362 Zr0.15227426,-0.173429821,-0.080506779,-0.054525094,1.966105394,0.073165921
Cr0.591616961Ti0.258703411Zr0.149679627,0.591616961,0.258703411,0.149679627,0.534760055,Cr0.59161696 Ti0.25870341 Zr0.14967963,-0.166886368,-0.075333746,-0.053209119,1.941624501,0.073335818
Cr0.618180317Ti0.235291401Zr0.146528283,0.618180317,0.235291401,0.146528283,0.5279018,Cr0.61818032 Ti0.2352914 Zr0.14652828,-0.159410103,-0.069334762,-0.051725983,1.920531804,0.073318689
Cr0.643940436Ti0.213183702Zr0.142875861,0.643940436,0.213183702,0.142875861,0.514918477,Cr0.64394044 Ti0.2131837 Zr0.14287586,-0.151296426,-0.062728468,-0.050177942,1.902588337,0.073117251
Cr0.66878157Ti0.192435917Zr0.138782513,0.66878157,0.192435917,0.138782513,0.481584231,Cr0.66878157 Ti0.19243592 Zr0.13878251,-0.142815325,-0.055720287,-0.048659586,1.887556169,0.072736707
Cr0.692606282Ti0.173082214Zr0.134311504,0.692606282,0.173082214,0.134311504,0.409079154,Cr0.69260628 Ti0.17308221 Zr0.1343115,-0.134198958,-0.048492904,-0.047253785,1.875208674,0.072184423
Cr0.715336793Ti0.155135016Zr0.12952819,0.715336793,0.155135016,0.12952819,0.203537718,Cr0.71533679 Ti0.15513502 Zr0.12952819,-0.125634726,-0.041200199,-0.046028295,1.865329112,0.071469813
Cr0.278074247Ti0.586477965Zr0.135447787,0.278074247,0.586477965,0.135447787,0.750216015,Cr0.27807425 Ti0.58647797 Zr0.13544779,-0.145342182,-0.056815019,-0.040314983,2.491338286,0.060813678
Cr0.30205931Ti0.558535885Zr0.139404805,0.30205931,0.558535885,0.139404805,0.723903304,Cr0.30205931 Ti0.55853588 Zr0.1394048,-0.154017691,-0.063918217,-0.041524022,2.417052183,0.06250558
Cr0.327068134Ti0.530044785Zr0.14288708,0.327068134,0.530044785,0.14288708,0.70549828,Cr0.32706813 Ti0.53004478 Zr0.14288708,-0.162065132,-0.070467996,-0.042242433,2.348706285,0.064116964
Cr0.35299167Ti0.501167158Zr0.145841172,0.35299167,0.501167158,0.145841172,0.684556682,Cr0.35299167 Ti0.50116716 Zr0.14584117,-0.169196427,-0.076251457,-0.045156672,2.286069447,0.065632382
Cr0.379706748Ti0.47207374Zr0.148219511,0.379706748,0.47207374,0.148219511,0.661803853,Cr0.37970675 Ti0.47207374 Zr0.14821951,-0.175122,-0.081057096,-0.04845537,2.22889394,0.067036568
Cr0.407065679Ti0.442949124Zr0.149985197,0.407065679,0.442949124,0.149985197,0.63906682,Cr0.40706568 Ti0.44294912 Zr0.1499852,-0.179576112,-0.08469136,-0.051213915,2.176947533,0.06831463
Cr0.434911151Ti0.413980521Zr0.151108328,0.434911151,0.413980521,0.151108328,0.624354911,Cr0.43491115 Ti0.41398052 Zr0.15110833,-0.182346007,-0.086998087,-0.053406528,2.129982045,0.069452389
Cr0.463066945Ti0.385360786Zr0.151572269,0.463066945,0.385360786,0.151572269,0.602508053,Cr0.46306695 Ti0.38536079 Zr0.15157227,-0.183298169,-0.087876191,-0.055031367,2.087760412,0.070436915
Cr0.491358313Ti0.357270885Zr0.151370802,0.491358313,0.357270885,0.151370802,0.585643153,Cr0.49135831 Ti0.35727088 Zr0.1513708,-0.182395281,-0.087291603,-0.056112011,2.050029112,0.071257079
Cr0.519600444Ti0.329891174Zr0.150508382,0.519600444,0.329891174,0.150508382,0.567752237,Cr0.51960044 Ti0.32989117 Zr0.15050838,-0.179700681,-0.085281094,-0.056085838,2.01654567,0.071903348
Cr0.547612722Ti0.303381803Zr0.149005475,0.547612722,0.303381803,0.149005475,0.545869294,Cr0.54761272 Ti0.3033818 Zr0.14900547,-0.175372447,-0.081949878,-0.055368159,1.987061607,0.072369123
Cr0.575223563Ti0.27788768Zr0.146888757,0.575223563,0.27788768,0.146888757,0.535295334,Cr0.57522356 Ti0.27788768 Zr0.14688876,-0.169639949,-0.077456328,-0.054316056,1.961330425,0.072649752
Cr0.602269271Ti0.253531562Zr0.144199167,0.602269271,0.253531562,0.144199167,0.524961924,Cr0.60226927 Ti0.25353156 Zr0.14419917,-0.162780949,-0.071997632,-0.053027333,1.939107783,0.072743722
Cr0.628601761Ti0.230415839Zr0.1409824,0.628601761,0.230415839,0.1409824,0.513815885,Cr0.62860176 Ti0.23041584 Zr0.1409824,-0.155089759,-0.065787717,-0.051603063,1.920156478,0.072651695
Cr0.654088949Ti0.208617075Zr0.137293975,0.654088949,0.208617075,0.137293975,0.478451311,Cr0.65408895 Ti0.20861708 Zr0.13729398,-0.146853822,-0.05904107,-0.050141119,1.904242043,0.072377328
Cr0.678622502Ti0.188184459Zr0.13319304,0.678622502,0.188184459,0.13319304,0.386789204,Cr0.6786225 Ti0.18818446 Zr0.13319304,-0.138330796,-0.051955573,-0.048730666,1.891134594,0.071926556
Cr0.702111171Ti0.169148395Zr0.128740435,0.702111171,0.169148395,0.128740435,0.152775882,Cr0.70211117 Ti0.1691484 Zr0.12874043,-0.129738365,-0.044704496,-0.047448756,1.880618954,0.071307207
Cr0.311483663Ti0.552352966Zr0.136163372,0.311483663,0.552352966,0.136163372,0.745920903,Cr0.31148366 Ti0.55235297 Zr0.13616337,-0.155358776,-0.065050127,-0.041303549,2.383525235,0.062595245
Cr0.336868642Ti0.523732557Zr0.139398801,0.336868642,0.523732557,0.139398801,0.711655657,Cr0.33686864 Ti0.52373256 Zr0.1393988,-0.163037533,-0.071290551,-0.042337532,2.318882214,0.064164512
Cr0.36312228Ti0.494769539Zr0.14210818,0.36312228,0.494769539,0.14210818,0.679301335,Cr0.36312228 Ti0.49476954 Zr0.14210818,-0.169715182,-0.07670173,-0.045990737,2.25976793,0.065632057
Cr0.3901149Ti0.465640215Zr0.144244885,0.3901149,0.465640215,0.144244885,0.668206668,Cr0.3901149 Ti0.46564022 Zr0.14424488,-0.175109555,-0.081077959,-0.049146616,2.205939127,0.066982506
Cr0.417695165Ti0.436527556Zr0.14577728,0.417695165,0.436527556,0.14577728,0.641054133,Cr0.41769516 Ti0.43652756 Zr0.14577728,-0.178973056,-0.084238897,-0.05176468,2.157168156,0.068201591
Cr0.445698478Ti0.407620646Zr0.146680876,0.445698478,0.407620646,0.146680876,0.618655458,Cr0.44569848 Ti0.40762065 Zr0.14668088,-0.181118192,-0.086046252,-0.053826403,2.113219514,0.069275735
Cr0.47395247Ti0.379108863Zr0.146938667,0.47395247,0.379108863,0.146938667,0.603517605,Cr0.47395247 Ti0.37910886 Zr0.14693867,-0.181440384,-0.086419207,-0.055337239,2.073852605,0.070192398
Cr0.502274594Ti0.351173506Zr0.1465519,0.502274594,0.351173506,0.1465519,0.581573094,Cr0.50227459 Ti0.35117351 Zr0.1465519,-0.179935324,-0.085347229,-0.05625613,2.03883145,0.070941514
Cr0.530484555Ti0.323987855Zr0.14552759,0.530484555,0.323987855,0.14552759,0.563347925,Cr0.53048456 Ti0.32398785 Zr0.14552759,-0.176695242,-0.082888,-0.055899148,2.007914642,0.071514508
Cr0.558404108Ti0.29771023Zr0.143885661,0.558404108,0.29771023,0.143885661,0.543962571,Cr0.55840411 Ti0.29771023 Zr0.14388566,-0.171900015,-0.079162976,-0.055152171,1.980863398,0.07190533
Cr0.585865153Ti0.272475997Zr0.14165885,0.585865153,0.272475997,0.14165885,0.524051013,Cr0.58586515 Ti0.272476 Zr0.14165885,-0.165794937,-0.074343327,-0.054104395,1.957435978,0.072110843
Cr0.612707686Ti0.248406506Zr0.138885808,0.612707686,0.248406506,0.138885808,0.508918176,Cr0.61270769 Ti0.24840651 Zr0.13888581,-0.158662572,-0.068631118,-0.052852665,1.937400103,0.072130006
Cr0.638790498Ti0.225594009Zr0.135615493,0.638790498,0.225594009,0.135615493,0.475547806,Cr0.6387905 Ti0.22559401 Zr0.13561549,-0.150795334,-0.062240645,-0.051494806,1.920521701,0.071964811
Cr0.663990271Ti0.20410849Zr0.131901239,0.663990271,0.20410849,0.131901239,0.382754855,Cr0.66399027 Ti0.20410849 Zr0.13190124,-0.142470572,-0.055380514,-0.050124172,1.906574822,0.071619485
Cr0.688203454Ti0.183994301Zr0.127802245,0.688203454,0.183994301,0.127802245,0.791873912,Cr0.68820345 Ti0.1839943 Zr0.12780225,-0.133933888,-0.048241255,-0.048824433,1.89533742,0.071100799
Cr0.346715715Ti0.517312619Zr0.135971666,0.346715715,0.517312619,0.135971666,0.792407888,Cr0.34671571 Ti0.51731262 Zr0.13597167,-0.163829212,-0.071961039,-0.043239501,2.29088195,0.064197621
Cr0.373275205Ti0.488282986Zr0.138441809,0.373275205,0.488282986,0.138441809,0.696971294,Cr0.3732752 Ti0.48828299 Zr0.13844181,-0.170036497,-0.076987259,-0.046755371,2.235141276,0.065614913
Cr0.4005186Ti0.459134871Zr0.140346529,0.4005186,0.459134871,0.140346529,0.658825709,Cr0.4005186 Ti0.45913487 Zr0.14034653,-0.174890435,-0.080927083,-0.049771433,2.184524267,0.066909831
Cr0.428290958Ti0.430053117Zr0.141655925,0.428290958,0.430053117,0.141655925,0.643232748,Cr0.42829096 Ti0.43005312 Zr0.14165592,-0.17816239,-0.083613735,-0.052254237,2.138804586,0.068068368
Cr0.456426317Ti0.401225107Zr0.142348576,0.456426317,0.401225107,0.142348576,0.621139808,Cr0.45642632 Ti0.40122511 Zr0.14234858,-0.17969111,-0.084927422,-0.054192547,2.097750512,0.069077518
Cr0.484746255Ti0.372840366Zr0.14241338,0.484746255,0.372840366,0.14241338,0.596537362,Cr0.48474626 Ti0.37284037 Zr0.14241338,-0.179403224,-0.084809396,-0.055598413,2.06113448,0.069925608
Cr0.513071952Ti0.345076528Zr0.14185152,0.513071952,0.345076528,0.14185152,0.575078269,Cr0.51307195 Ti0.34507653 Zr0.14185152,-0.177323897,-0.083270045,-0.056100806,2.028722108,0.070603113
Cr0.541223215Ti0.318100178Zr0.140676607,0.541223215,0.318100178,0.140676607,0.559793533,Cr0.54122322 Ti0.31810018 Zr0.14067661,-0.173573626,-0.080387795,-0.055693263,2.000279629,0.071102809
Cr0.569024262Ti0.29206622Zr0.138909518,0.569024262,0.29206622,0.138909518,0.536715243,Cr0.56902426 Ti0.29206622 Zr0.13890952,-0.168351938,-0.076299019,-0.054928196,1.975575632,0.071419427
Cr0.596311939Ti0.267104337Zr0.136583724,0.596311939,0.267104337,0.136583724,0.518650383,Cr0.59631194 Ti0.26710434 Zr0.13658372,-0.161915251,-0.07118413,-0.053895002,1.954375695,0.07155069
Cr0.622931072Ti0.243328593Zr0.133740334,0.622931072,0.243328593,0.133740334,0.486200824,Cr0.62293107 Ti0.24332859 Zr0.13374033,-0.154549572,-0.065249288,-0.0526887,1.936453241,0.071496704
Cr0.648747464Ti0.220824873Zr0.130427664,0.648747464,0.220824873,0.130427664,0.376651375,Cr0.64874746 Ti0.22082487 Zr0.13042766,-0.146542099,-0.058706564,-0.051403628,1.921581543,0.071260224
Cr0.67364441Ti0.199657473Zr0.126698117,0.67364441,0.199657473,0.126698117,0.025131303,Cr0.67364441 Ti0.19965747 Zr0.12669812,-0.138159798,-0.051758478,-0.050128426,1.909542953,0.070846175
Cr0.410910053Ti0.452566722Zr0.136523225,0.410910053,0.452566722,0.136523225,0.039493838,Cr0.41091005 Ti0.45256672 Zr0.13652322,-0.174474576,-0.080611994,-0.050334807,2.164565086,0.066818459
Cr0.438849289Ti0.42353183Zr0.137618881,0.438849289,0.42353183,0.137618881,0.606536535,Cr0.43884929 Ti0.42353183 Zr0.13761888,-0.177156782,-0.08282548,-0.052688383,2.121773812,0.067915071
Cr0.467086307Ti0.394802894Zr0.138110799,0.467086307,0.394802894,0.138110799,0.615157322,Cr0.46708631 Ti0.39480289 Zr0.1381108,-0.178080489,-0.083653522,-0.054510901,2.08350737,0.068858071
Cr0.495445508Ti0.366560933Zr0.137993559,0.495445508,0.366560933,0.137993559,0.600784629,Cr0.49544551 Ti0.36656093 Zr0.13799356,-0.177203869,-0.083059817,-0.055821127,2.049538278,0.069636981
Cr0.523746426Ti0.338982131Zr0.137271443,0.523746426,0.338982131,0.137271443,0.569521798,Cr0.52374643 Ti0.33898213 Zr0.13727144,-0.174581348,-0.081075741,-0.055921005,2.019640119,0.070243092
Cr0.551812299Ti0.312230213Zr0.135957488,0.551812299,0.312230213,0.135957488,0.552437969,Cr0.5518123 Ti0.31223021 Zr0.13595749,-0.170356776,-0.077796828,-0.055473961,1.993585143,0.070669723
Cr0.579470391Ti0.286452245Zr0.134077364,0.579470391,0.286452245,0.134077364,0.510517783,Cr0.57947039 Ti0.28645224 Zr0.13407736,-0.164747934,-0.073373648,-0.054701297,1.971147639,0.070912923
Cr0.606564356Ti0.261771052Zr0.131664592,0.606564356,0.261771052,0.131664592,0.389108209,Cr0.60656436 Ti0.26177105 Zr0.13166459,-0.158018882,-0.067993366,-0.05369186,1.952099332,0.070971207
Cr0.632939737Ti0.238298623Zr0.128761641,0.632939737,0.238298623,0.128761641,0.389108209,Cr0.63293974 Ti0.23829862 Zr0.12876164,-0.150457329,-0.061865029,-0.052538576,1.936223488,0.070845616
Cr0.534293982Ti0.332896534Zr0.132809484,0.534293982,0.332896534,0.132809484,0.937430998,Cr0.53429398 Ti0.33289653 Zr0.13280948,-0.171725383,-0.07877801,-0.05572251,2.011531395,0.069862163
